level,key,unit,period,macro,n_tokens,zero_share,n,r,p_r,rho,p_rho,q_rho,eligible,unit_level
genre,statement,ALL,T1,cfnai,770,0.0,101,-0.0573,0.569,-0.1242,0.2158,0.9054,True,modal
genre,statement,ALL,T1,vix,770,0.0,101,0.0086,0.9323,0.0613,0.5425,0.5425,True,modal
genre,statement,ALL,T2,cfnai,697,0.0,91,-0.1355,0.2004,-0.1783,0.0909,0.2818,True,modal
genre,statement,ALL,T2,vix,697,0.0,91,0.0699,0.5105,0.0449,0.6729,0.6729,True,modal
genre,statement,ALL,T3,cfnai,1007,0.0,133,-0.0555,0.5259,-0.0964,0.2697,0.9095,True,modal
genre,statement,ALL,T3,vix,1007,0.0,133,-0.1174,0.1785,-0.1156,0.185,0.185,True,modal
genre,statement,ALL,H1,cfnai,397,0.0,48,0.1574,0.2852,0.1747,0.2351,0.5624,True,modal
genre,statement,ALL,H1,vix,397,0.0,48,-0.2815,0.0526,-0.4048,0.0043,0.0108,True,modal
genre,statement,ALL,H2,cfnai,300,0.0,43,-0.5054,0.0005,-0.5183,0.0004,0.0015,True,modal
genre,statement,ALL,H2,vix,300,0.0,43,-0.4212,0.0049,-0.4722,0.0014,0.0056,True,modal
genre,statement,could,T1,cfnai,50,0.505,101,0.1416,0.1578,-0.0624,0.535,0.9054,True,modal
genre,statement,could,T1,vix,50,0.505,101,0.1793,0.0727,0.3319,0.0007,0.0012,True,modal
genre,statement,could,T2,cfnai,47,0.484,91,-0.079,0.4567,-0.1674,0.1127,0.2818,True,modal
genre,statement,could,T2,vix,47,0.484,91,0.4576,0.0,0.451,0.0,0.0,True,modal
genre,statement,could,T3,cfnai,55,0.594,133,0.1259,0.1488,-0.0171,0.8452,0.9095,True,modal
genre,statement,could,T3,vix,55,0.594,133,0.093,0.2871,0.1823,0.0357,0.0447,True,modal
genre,statement,could,H1,cfnai,4,0.917,48,0.1142,0.4395,0.0935,0.5272,0.5624,False,modal
genre,statement,could,H1,vix,4,0.917,48,-0.1163,0.4312,-0.0829,0.5755,0.6911,False,modal
genre,statement,could,H2,cfnai,43,0.0,43,-0.6024,0.0,-0.4384,0.0033,0.0065,True,modal
genre,statement,could,H2,vix,43,0.0,43,0.0006,0.9969,-0.0119,0.9398,0.9398,True,modal
genre,statement,should,T1,cfnai,33,0.733,101,0.0254,0.8009,-0.012,0.9054,0.9054,False,modal
genre,statement,should,T1,vix,33,0.733,101,-0.2908,0.0032,-0.3372,0.0006,0.0012,False,modal
genre,statement,should,T2,cfnai,33,0.703,91,-0.0694,0.5132,-0.0279,0.7928,0.7928,False,modal
genre,statement,should,T2,vix,33,0.703,91,-0.2741,0.0086,-0.3054,0.0032,0.0041,False,modal
genre,statement,should,T3,cfnai,49,0.699,133,0.0124,0.887,-0.0608,0.4869,0.9095,False,modal
genre,statement,should,T3,vix,49,0.699,133,-0.2949,0.0006,-0.3634,0.0,0.0001,False,modal
genre,statement,should,H1,cfnai,33,0.438,48,-0.1058,0.4741,-0.0857,0.5624,0.5624,False,modal
genre,statement,should,H1,vix,33,0.438,48,0.053,0.7205,-0.0589,0.6911,0.6911,False,modal
genre,statement,should,H2,cfnai,0,1.0,43,,,,,,False,modal
genre,statement,should,H2,vix,0,1.0,43,,,,,,False,modal
genre,statement,will,T1,cfnai,607,0.0,101,-0.2325,0.0193,-0.0492,0.6252,0.9054,True,modal
genre,statement,will,T1,vix,607,0.0,101,-0.0981,0.3289,-0.1864,0.062,0.0775,True,modal
genre,statement,will,T2,cfnai,543,0.0,91,-0.0669,0.5284,-0.0701,0.509,0.6363,True,modal
genre,statement,will,T2,vix,543,0.0,91,-0.296,0.0044,-0.3391,0.001,0.0017,True,modal
genre,statement,will,T3,cfnai,820,0.0,133,-0.2045,0.0182,-0.0504,0.5647,0.9095,True,modal
genre,statement,will,T3,vix,820,0.0,133,-0.1674,0.0541,-0.2593,0.0026,0.0065,True,modal
genre,statement,will,H1,cfnai,339,0.0,48,0.1965,0.1807,0.1789,0.2237,0.5624,True,modal
genre,statement,will,H1,vix,339,0.0,48,-0.3656,0.0106,-0.4435,0.0016,0.008,True,modal
genre,statement,will,H2,cfnai,204,0.0,43,-0.3503,0.0213,-0.3314,0.03,0.04,True,modal
genre,statement,will,H2,vix,204,0.0,43,-0.3664,0.0157,-0.4157,0.0056,0.0111,True,modal
genre,statement,would,T1,cfnai,49,0.535,101,0.1529,0.1269,-0.0183,0.8561,0.9054,True,modal
genre,statement,would,T1,vix,49,0.535,101,0.1784,0.0742,0.3382,0.0005,0.0012,True,modal
genre,statement,would,T2,cfnai,46,0.516,91,0.0094,0.9296,-0.1064,0.3153,0.5255,True,modal
genre,statement,would,T2,vix,46,0.516,91,0.45,0.0,0.4553,0.0,0.0,True,modal
genre,statement,would,T3,cfnai,51,0.632,133,0.1323,0.129,-0.01,0.9095,0.9095,False,modal
genre,statement,would,T3,vix,51,0.632,133,0.1056,0.2263,0.2206,0.0107,0.0179,False,modal
genre,statement,would,H1,cfnai,1,0.979,48,0.0999,0.4994,0.1212,0.412,0.5624,False,modal
genre,statement,would,H1,vix,1,0.979,48,-0.1672,0.256,-0.2158,0.1406,0.2344,False,modal
genre,statement,would,H2,cfnai,45,0.0,43,-0.1764,0.2577,-0.1957,0.2085,0.2085,True,modal
genre,statement,would,H2,vix,45,0.0,43,-0.0524,0.7388,-0.0475,0.7622,0.9398,True,modal
layer,statement,ALL,T1,cfnai,770,0.0,101,-0.0573,0.569,-0.1242,0.2158,0.9054,True,modal
layer,statement,ALL,T1,vix,770,0.0,101,0.0086,0.9323,0.0613,0.5425,0.5425,True,modal
layer,statement,ALL,T2,cfnai,697,0.0,91,-0.1355,0.2004,-0.1783,0.0909,0.2818,True,modal
layer,statement,ALL,T2,vix,697,0.0,91,0.0699,0.5105,0.0449,0.6729,0.6729,True,modal
layer,statement,ALL,T3,cfnai,1007,0.0,133,-0.0555,0.5259,-0.0964,0.2697,0.9095,True,modal
layer,statement,ALL,T3,vix,1007,0.0,133,-0.1174,0.1785,-0.1156,0.185,0.185,True,modal
layer,statement,ALL,H1,cfnai,397,0.0,48,0.1574,0.2852,0.1747,0.2351,0.5624,True,modal
layer,statement,ALL,H1,vix,397,0.0,48,-0.2815,0.0526,-0.4048,0.0043,0.0108,True,modal
layer,statement,ALL,H2,cfnai,300,0.0,43,-0.5054,0.0005,-0.5183,0.0004,0.0015,True,modal
layer,statement,ALL,H2,vix,300,0.0,43,-0.4212,0.0049,-0.4722,0.0014,0.0056,True,modal
layer,statement,could,T1,cfnai,50,0.505,101,0.1416,0.1578,-0.0624,0.535,0.9054,True,modal
layer,statement,could,T1,vix,50,0.505,101,0.1793,0.0727,0.3319,0.0007,0.0012,True,modal
layer,statement,could,T2,cfnai,47,0.484,91,-0.079,0.4567,-0.1674,0.1127,0.2818,True,modal
layer,statement,could,T2,vix,47,0.484,91,0.4576,0.0,0.451,0.0,0.0,True,modal
layer,statement,could,T3,cfnai,55,0.594,133,0.1259,0.1488,-0.0171,0.8452,0.9095,True,modal
layer,statement,could,T3,vix,55,0.594,133,0.093,0.2871,0.1823,0.0357,0.0447,True,modal
layer,statement,could,H1,cfnai,4,0.917,48,0.1142,0.4395,0.0935,0.5272,0.5624,False,modal
layer,statement,could,H1,vix,4,0.917,48,-0.1163,0.4312,-0.0829,0.5755,0.6911,False,modal
layer,statement,could,H2,cfnai,43,0.0,43,-0.6024,0.0,-0.4384,0.0033,0.0065,True,modal
layer,statement,could,H2,vix,43,0.0,43,0.0006,0.9969,-0.0119,0.9398,0.9398,True,modal
layer,statement,should,T1,cfnai,33,0.733,101,0.0254,0.8009,-0.012,0.9054,0.9054,False,modal
layer,statement,should,T1,vix,33,0.733,101,-0.2908,0.0032,-0.3372,0.0006,0.0012,False,modal
layer,statement,should,T2,cfnai,33,0.703,91,-0.0694,0.5132,-0.0279,0.7928,0.7928,False,modal
layer,statement,should,T2,vix,33,0.703,91,-0.2741,0.0086,-0.3054,0.0032,0.0041,False,modal
layer,statement,should,T3,cfnai,49,0.699,133,0.0124,0.887,-0.0608,0.4869,0.9095,False,modal
layer,statement,should,T3,vix,49,0.699,133,-0.2949,0.0006,-0.3634,0.0,0.0001,False,modal
layer,statement,should,H1,cfnai,33,0.438,48,-0.1058,0.4741,-0.0857,0.5624,0.5624,False,modal
layer,statement,should,H1,vix,33,0.438,48,0.053,0.7205,-0.0589,0.6911,0.6911,False,modal
layer,statement,should,H2,cfnai,0,1.0,43,,,,,,False,modal
layer,statement,should,H2,vix,0,1.0,43,,,,,,False,modal
layer,statement,will,T1,cfnai,607,0.0,101,-0.2325,0.0193,-0.0492,0.6252,0.9054,True,modal
layer,statement,will,T1,vix,607,0.0,101,-0.0981,0.3289,-0.1864,0.062,0.0775,True,modal
layer,statement,will,T2,cfnai,543,0.0,91,-0.0669,0.5284,-0.0701,0.509,0.6363,True,modal
layer,statement,will,T2,vix,543,0.0,91,-0.296,0.0044,-0.3391,0.001,0.0017,True,modal
layer,statement,will,T3,cfnai,820,0.0,133,-0.2045,0.0182,-0.0504,0.5647,0.9095,True,modal
layer,statement,will,T3,vix,820,0.0,133,-0.1674,0.0541,-0.2593,0.0026,0.0065,True,modal
layer,statement,will,H1,cfnai,339,0.0,48,0.1965,0.1807,0.1789,0.2237,0.5624,True,modal
layer,statement,will,H1,vix,339,0.0,48,-0.3656,0.0106,-0.4435,0.0016,0.008,True,modal
layer,statement,will,H2,cfnai,204,0.0,43,-0.3503,0.0213,-0.3314,0.03,0.04,True,modal
layer,statement,will,H2,vix,204,0.0,43,-0.3664,0.0157,-0.4157,0.0056,0.0111,True,modal
layer,statement,would,T1,cfnai,49,0.535,101,0.1529,0.1269,-0.0183,0.8561,0.9054,True,modal
layer,statement,would,T1,vix,49,0.535,101,0.1784,0.0742,0.3382,0.0005,0.0012,True,modal
layer,statement,would,T2,cfnai,46,0.516,91,0.0094,0.9296,-0.1064,0.3153,0.5255,True,modal
layer,statement,would,T2,vix,46,0.516,91,0.45,0.0,0.4553,0.0,0.0,True,modal
layer,statement,would,T3,cfnai,51,0.632,133,0.1323,0.129,-0.01,0.9095,0.9095,False,modal
layer,statement,would,T3,vix,51,0.632,133,0.1056,0.2263,0.2206,0.0107,0.0179,False,modal
layer,statement,would,H1,cfnai,1,0.979,48,0.0999,0.4994,0.1212,0.412,0.5624,False,modal
layer,statement,would,H1,vix,1,0.979,48,-0.1672,0.256,-0.2158,0.1406,0.2344,False,modal
layer,statement,would,H2,cfnai,45,0.0,43,-0.1764,0.2577,-0.1957,0.2085,0.2085,True,modal
layer,statement,would,H2,vix,45,0.0,43,-0.0524,0.7388,-0.0475,0.7622,0.9398,True,modal
genre,statement,could/causative,T1,cfnai,50,0.505,101,0.1416,0.1578,-0.0624,0.535,0.6114,True,U3
genre,statement,could/causative,T1,vix,50,0.505,101,0.1793,0.0727,0.3319,0.0007,0.0011,True,U3
genre,statement,could/causative,T2,cfnai,47,0.484,91,-0.079,0.4567,-0.1674,0.1127,0.1288,True,U3
genre,statement,could/causative,T2,vix,47,0.484,91,0.4576,0.0,0.451,0.0,0.0,True,U3
genre,statement,could/causative,T3,cfnai,54,0.594,133,0.127,0.1453,-0.0108,0.9017,0.9017,True,U3
genre,statement,could/causative,T3,vix,54,0.594,133,0.0968,0.2675,0.1855,0.0326,0.0434,True,U3
genre,statement,could/causative,H1,cfnai,4,0.917,48,0.1142,0.4395,0.0935,0.5272,0.6962,False,U3
genre,statement,could/causative,H1,vix,4,0.917,48,-0.1163,0.4312,-0.0829,0.5755,0.643,False,U3
genre,statement,could/causative,H2,cfnai,43,0.0,43,-0.6024,0.0,-0.4384,0.0033,0.0065,True,U3
genre,statement,could/causative,H2,vix,43,0.0,43,0.0006,0.9969,-0.0119,0.9398,0.9852,True,U3
genre,statement,will/activity,T1,cfnai,132,0.01,101,-0.2299,0.0207,-0.342,0.0005,0.0019,True,U3
genre,statement,will/activity,T1,vix,132,0.01,101,0.0872,0.3857,0.2237,0.0245,0.028,True,U3
genre,statement,will/activity,T2,cfnai,118,0.0,91,-0.3411,0.0009,-0.2858,0.006,0.0241,True,U3
genre,statement,will/activity,T2,vix,118,0.0,91,0.1861,0.0773,0.241,0.0214,0.0245,True,U3
genre,statement,will/activity,T3,cfnai,158,0.105,133,-0.1864,0.0317,-0.227,0.0086,0.023,True,U3
genre,statement,will/activity,T3,vix,158,0.105,133,-0.0797,0.3619,-0.004,0.9636,0.9636,True,U3
genre,statement,will/activity,H1,cfnai,65,0.0,48,-0.2107,0.1507,0.0035,0.981,0.981,True,U3
genre,statement,will/activity,H1,vix,65,0.0,48,0.2214,0.1304,0.1913,0.1928,0.3374,True,U3
genre,statement,will/activity,H2,cfnai,53,0.0,43,-0.4682,0.0015,-0.4736,0.0013,0.0065,True,U3
genre,statement,will/activity,H2,vix,53,0.0,43,-0.0957,0.5415,-0.0729,0.6423,0.9852,True,U3
genre,statement,will/aspectual,T1,cfnai,126,0.327,101,-0.0514,0.6098,-0.1604,0.1092,0.1747,True,U3
genre,statement,will/aspectual,T1,vix,126,0.327,101,0.3333,0.0007,0.4061,0.0,0.0001,True,U3
genre,statement,will/aspectual,T2,cfnai,106,0.352,91,-0.0878,0.4077,-0.1753,0.0964,0.1286,True,U3
genre,statement,will/aspectual,T2,vix,106,0.352,91,0.3444,0.0008,0.3925,0.0001,0.0002,True,U3
genre,statement,will/aspectual,T3,cfnai,175,0.286,133,-0.0489,0.576,-0.1494,0.0861,0.1721,True,U3
genre,statement,will/aspectual,T3,vix,175,0.286,133,0.2974,0.0005,0.3372,0.0001,0.0003,True,U3
genre,statement,will/aspectual,H1,cfnai,21,0.667,48,-0.1966,0.1804,-0.1744,0.2359,0.5505,False,U3
genre,statement,will/aspectual,H1,vix,21,0.667,48,0.0793,0.5921,0.0686,0.643,0.643,False,U3
genre,statement,will/aspectual,H2,cfnai,85,0.0,43,-0.2722,0.0774,-0.2556,0.0981,0.1308,True,U3
genre,statement,will/aspectual,H2,vix,85,0.0,43,-0.338,0.0266,-0.3254,0.0333,0.2561,True,U3
genre,statement,will/copular_adj,T1,cfnai,51,0.535,101,0.2216,0.0259,0.3931,0.0,0.0004,True,U3
genre,statement,will/copular_adj,T1,vix,51,0.535,101,0.094,0.3499,0.151,0.1317,0.1317,True,U3
genre,statement,will/copular_adj,T2,cfnai,48,0.516,91,0.3161,0.0023,0.3377,0.0011,0.0085,True,U3
genre,statement,will/copular_adj,T2,vix,48,0.516,91,0.2958,0.0044,0.219,0.037,0.037,True,U3
genre,statement,will/copular_adj,T3,cfnai,61,0.579,133,0.2041,0.0185,0.3528,0.0,0.0002,True,U3
genre,statement,will/copular_adj,T3,vix,61,0.579,133,-0.0058,0.9472,-0.0076,0.9312,0.9636,True,U3
genre,statement,will/copular_adj,H1,cfnai,24,0.542,48,0.169,0.2509,0.1897,0.1965,0.5505,False,U3
genre,statement,will/copular_adj,H1,vix,24,0.542,48,0.2032,0.166,0.1699,0.2483,0.3476,False,U3
genre,statement,will/copular_adj,H2,cfnai,24,0.488,43,0.4096,0.0064,0.3861,0.0105,0.0169,False,U3
genre,statement,will/copular_adj,H2,vix,24,0.488,43,0.311,0.0424,0.2779,0.0711,0.2561,False,U3
genre,statement,will/mental,T1,cfnai,105,0.257,101,-0.3389,0.0005,-0.2851,0.0039,0.0103,True,U3
genre,statement,will/mental,T1,vix,105,0.257,101,-0.2849,0.0039,-0.3682,0.0002,0.0004,True,U3
genre,statement,will/mental,T2,cfnai,96,0.242,91,-0.3509,0.0007,-0.1811,0.0858,0.1286,True,U3
genre,statement,will/mental,T2,vix,96,0.242,91,-0.4549,0.0,-0.4192,0.0,0.0001,True,U3
genre,statement,will/mental,T3,cfnai,142,0.248,133,-0.3167,0.0002,-0.2701,0.0017,0.0067,True,U3
genre,statement,will/mental,T3,vix,142,0.248,133,-0.3121,0.0003,-0.4091,0.0,0.0,True,U3
genre,statement,will/mental,H1,cfnai,75,0.0,48,-0.0181,0.9027,0.0783,0.5967,0.6962,True,U3
genre,statement,will/mental,H1,vix,75,0.0,48,-0.1939,0.1866,-0.3527,0.014,0.0488,True,U3
genre,statement,will/mental,H2,cfnai,21,0.512,43,-0.5294,0.0003,-0.4529,0.0023,0.0065,False,U3
genre,statement,will/mental,H2,vix,21,0.512,43,-0.3178,0.0378,-0.2571,0.096,0.2561,False,U3
genre,statement,will/occurrence,T1,cfnai,47,0.644,101,-0.0514,0.6099,0.1767,0.0771,0.1542,False,U3
genre,statement,will/occurrence,T1,vix,47,0.644,101,-0.1763,0.0778,-0.2295,0.021,0.028,False,U3
genre,statement,will/occurrence,T2,cfnai,42,0.659,91,0.1554,0.1413,0.203,0.0537,0.1286,False,U3
genre,statement,will/occurrence,T2,vix,42,0.659,91,-0.3085,0.0029,-0.3639,0.0004,0.0005,False,U3
genre,statement,will/occurrence,T3,cfnai,84,0.579,133,-0.0444,0.6121,0.0954,0.2747,0.4395,True,U3
genre,statement,will/occurrence,T3,vix,84,0.579,133,-0.1846,0.0334,-0.211,0.0148,0.0295,True,U3
genre,statement,will/occurrence,H1,cfnai,36,0.458,48,0.281,0.0531,0.2381,0.1032,0.5505,False,U3
genre,statement,will/occurrence,H1,vix,36,0.458,48,-0.276,0.0575,-0.4,0.0049,0.034,False,U3
genre,statement,will/occurrence,H2,cfnai,6,0.884,43,0.1361,0.384,0.1699,0.2761,0.2761,False,U3
genre,statement,will/occurrence,H2,vix,6,0.884,43,0.0031,0.9845,0.0483,0.7585,0.9852,False,U3
genre,statement,will/policy_action,T1,cfnai,57,0.614,101,0.0326,0.7461,0.0384,0.7031,0.7031,False,U3
genre,statement,will/policy_action,T1,vix,57,0.614,101,-0.3188,0.0012,-0.4124,0.0,0.0001,False,U3
genre,statement,will/policy_action,T2,cfnai,56,0.582,91,-0.0715,0.5008,0.027,0.7998,0.7998,True,U3
genre,statement,will/policy_action,T2,vix,56,0.582,91,-0.3317,0.0013,-0.3871,0.0002,0.0002,True,U3
genre,statement,will/policy_action,T3,cfnai,86,0.556,133,0.0307,0.7261,0.0312,0.7217,0.9017,True,U3
genre,statement,will/policy_action,T3,vix,86,0.556,133,-0.1365,0.1171,-0.1989,0.0217,0.0347,True,U3
genre,statement,will/policy_action,H1,cfnai,52,0.271,48,0.1195,0.4185,0.1435,0.3305,0.5784,True,U3
genre,statement,will/policy_action,H1,vix,52,0.271,48,-0.109,0.4608,-0.2037,0.1649,0.3374,True,U3
genre,statement,will/policy_action,H2,cfnai,4,0.93,43,-0.2232,0.1502,-0.2406,0.1201,0.1372,False,U3
genre,statement,will/policy_action,H2,vix,4,0.93,43,-0.0551,0.7256,0.0029,0.9852,0.9852,False,U3
genre,statement,would/copular_adj,T1,cfnai,46,0.545,101,0.1358,0.1757,-0.0771,0.4432,0.591,True,U3
genre,statement,would/copular_adj,T1,vix,46,0.545,101,0.1983,0.0468,0.3589,0.0002,0.0005,True,U3
genre,statement,would/copular_adj,T2,cfnai,43,0.527,91,-0.0854,0.4209,-0.1809,0.0861,0.1286,True,U3
genre,statement,would/copular_adj,T2,vix,43,0.527,91,0.474,0.0,0.4739,0.0,0.0,True,U3
genre,statement,would/copular_adj,T3,cfnai,46,0.654,133,0.1216,0.1633,-0.0208,0.8119,0.9017,False,U3
genre,statement,would/copular_adj,T3,vix,46,0.654,133,0.1316,0.131,0.2467,0.0042,0.0112,False,U3
genre,statement,would/copular_adj,H1,cfnai,0,1.0,48,,,,,,False,U3
genre,statement,would/copular_adj,H1,vix,0,1.0,48,,,,,,False,U3
genre,statement,would/copular_adj,H2,cfnai,43,0.0,43,-0.6024,0.0,-0.4384,0.0033,0.0065,True,U3
genre,statement,would/copular_adj,H2,vix,43,0.0,43,0.0006,0.9969,-0.0119,0.9398,0.9852,True,U3
layer,statement,could/causative,T1,cfnai,50,0.505,101,0.1416,0.1578,-0.0624,0.535,0.6114,True,U3
layer,statement,could/causative,T1,vix,50,0.505,101,0.1793,0.0727,0.3319,0.0007,0.0011,True,U3
layer,statement,could/causative,T2,cfnai,47,0.484,91,-0.079,0.4567,-0.1674,0.1127,0.1288,True,U3
layer,statement,could/causative,T2,vix,47,0.484,91,0.4576,0.0,0.451,0.0,0.0,True,U3
layer,statement,could/causative,T3,cfnai,54,0.594,133,0.127,0.1453,-0.0108,0.9017,0.9017,True,U3
layer,statement,could/causative,T3,vix,54,0.594,133,0.0968,0.2675,0.1855,0.0326,0.0434,True,U3
layer,statement,could/causative,H1,cfnai,4,0.917,48,0.1142,0.4395,0.0935,0.5272,0.6962,False,U3
layer,statement,could/causative,H1,vix,4,0.917,48,-0.1163,0.4312,-0.0829,0.5755,0.643,False,U3
layer,statement,could/causative,H2,cfnai,43,0.0,43,-0.6024,0.0,-0.4384,0.0033,0.0065,True,U3
layer,statement,could/causative,H2,vix,43,0.0,43,0.0006,0.9969,-0.0119,0.9398,0.9852,True,U3
layer,statement,will/activity,T1,cfnai,132,0.01,101,-0.2299,0.0207,-0.342,0.0005,0.0019,True,U3
layer,statement,will/activity,T1,vix,132,0.01,101,0.0872,0.3857,0.2237,0.0245,0.028,True,U3
layer,statement,will/activity,T2,cfnai,118,0.0,91,-0.3411,0.0009,-0.2858,0.006,0.0241,True,U3
layer,statement,will/activity,T2,vix,118,0.0,91,0.1861,0.0773,0.241,0.0214,0.0245,True,U3
layer,statement,will/activity,T3,cfnai,158,0.105,133,-0.1864,0.0317,-0.227,0.0086,0.023,True,U3
layer,statement,will/activity,T3,vix,158,0.105,133,-0.0797,0.3619,-0.004,0.9636,0.9636,True,U3
layer,statement,will/activity,H1,cfnai,65,0.0,48,-0.2107,0.1507,0.0035,0.981,0.981,True,U3
layer,statement,will/activity,H1,vix,65,0.0,48,0.2214,0.1304,0.1913,0.1928,0.3374,True,U3
layer,statement,will/activity,H2,cfnai,53,0.0,43,-0.4682,0.0015,-0.4736,0.0013,0.0065,True,U3
layer,statement,will/activity,H2,vix,53,0.0,43,-0.0957,0.5415,-0.0729,0.6423,0.9852,True,U3
layer,statement,will/aspectual,T1,cfnai,126,0.327,101,-0.0514,0.6098,-0.1604,0.1092,0.1747,True,U3
layer,statement,will/aspectual,T1,vix,126,0.327,101,0.3333,0.0007,0.4061,0.0,0.0001,True,U3
layer,statement,will/aspectual,T2,cfnai,106,0.352,91,-0.0878,0.4077,-0.1753,0.0964,0.1286,True,U3
layer,statement,will/aspectual,T2,vix,106,0.352,91,0.3444,0.0008,0.3925,0.0001,0.0002,True,U3
layer,statement,will/aspectual,T3,cfnai,175,0.286,133,-0.0489,0.576,-0.1494,0.0861,0.1721,True,U3
layer,statement,will/aspectual,T3,vix,175,0.286,133,0.2974,0.0005,0.3372,0.0001,0.0003,True,U3
layer,statement,will/aspectual,H1,cfnai,21,0.667,48,-0.1966,0.1804,-0.1744,0.2359,0.5505,False,U3
layer,statement,will/aspectual,H1,vix,21,0.667,48,0.0793,0.5921,0.0686,0.643,0.643,False,U3
layer,statement,will/aspectual,H2,cfnai,85,0.0,43,-0.2722,0.0774,-0.2556,0.0981,0.1308,True,U3
layer,statement,will/aspectual,H2,vix,85,0.0,43,-0.338,0.0266,-0.3254,0.0333,0.2561,True,U3
layer,statement,will/copular_adj,T1,cfnai,51,0.535,101,0.2216,0.0259,0.3931,0.0,0.0004,True,U3
layer,statement,will/copular_adj,T1,vix,51,0.535,101,0.094,0.3499,0.151,0.1317,0.1317,True,U3
layer,statement,will/copular_adj,T2,cfnai,48,0.516,91,0.3161,0.0023,0.3377,0.0011,0.0085,True,U3
layer,statement,will/copular_adj,T2,vix,48,0.516,91,0.2958,0.0044,0.219,0.037,0.037,True,U3
layer,statement,will/copular_adj,T3,cfnai,61,0.579,133,0.2041,0.0185,0.3528,0.0,0.0002,True,U3
layer,statement,will/copular_adj,T3,vix,61,0.579,133,-0.0058,0.9472,-0.0076,0.9312,0.9636,True,U3
layer,statement,will/copular_adj,H1,cfnai,24,0.542,48,0.169,0.2509,0.1897,0.1965,0.5505,False,U3
layer,statement,will/copular_adj,H1,vix,24,0.542,48,0.2032,0.166,0.1699,0.2483,0.3476,False,U3
layer,statement,will/copular_adj,H2,cfnai,24,0.488,43,0.4096,0.0064,0.3861,0.0105,0.0169,False,U3
layer,statement,will/copular_adj,H2,vix,24,0.488,43,0.311,0.0424,0.2779,0.0711,0.2561,False,U3
layer,statement,will/mental,T1,cfnai,105,0.257,101,-0.3389,0.0005,-0.2851,0.0039,0.0103,True,U3
layer,statement,will/mental,T1,vix,105,0.257,101,-0.2849,0.0039,-0.3682,0.0002,0.0004,True,U3
layer,statement,will/mental,T2,cfnai,96,0.242,91,-0.3509,0.0007,-0.1811,0.0858,0.1286,True,U3
layer,statement,will/mental,T2,vix,96,0.242,91,-0.4549,0.0,-0.4192,0.0,0.0001,True,U3
layer,statement,will/mental,T3,cfnai,142,0.248,133,-0.3167,0.0002,-0.2701,0.0017,0.0067,True,U3
layer,statement,will/mental,T3,vix,142,0.248,133,-0.3121,0.0003,-0.4091,0.0,0.0,True,U3
layer,statement,will/mental,H1,cfnai,75,0.0,48,-0.0181,0.9027,0.0783,0.5967,0.6962,True,U3
layer,statement,will/mental,H1,vix,75,0.0,48,-0.1939,0.1866,-0.3527,0.014,0.0488,True,U3
layer,statement,will/mental,H2,cfnai,21,0.512,43,-0.5294,0.0003,-0.4529,0.0023,0.0065,False,U3
layer,statement,will/mental,H2,vix,21,0.512,43,-0.3178,0.0378,-0.2571,0.096,0.2561,False,U3
layer,statement,will/occurrence,T1,cfnai,47,0.644,101,-0.0514,0.6099,0.1767,0.0771,0.1542,False,U3
layer,statement,will/occurrence,T1,vix,47,0.644,101,-0.1763,0.0778,-0.2295,0.021,0.028,False,U3
layer,statement,will/occurrence,T2,cfnai,42,0.659,91,0.1554,0.1413,0.203,0.0537,0.1286,False,U3
layer,statement,will/occurrence,T2,vix,42,0.659,91,-0.3085,0.0029,-0.3639,0.0004,0.0005,False,U3
layer,statement,will/occurrence,T3,cfnai,84,0.579,133,-0.0444,0.6121,0.0954,0.2747,0.4395,True,U3
layer,statement,will/occurrence,T3,vix,84,0.579,133,-0.1846,0.0334,-0.211,0.0148,0.0295,True,U3
layer,statement,will/occurrence,H1,cfnai,36,0.458,48,0.281,0.0531,0.2381,0.1032,0.5505,False,U3
layer,statement,will/occurrence,H1,vix,36,0.458,48,-0.276,0.0575,-0.4,0.0049,0.034,False,U3
layer,statement,will/occurrence,H2,cfnai,6,0.884,43,0.1361,0.384,0.1699,0.2761,0.2761,False,U3
layer,statement,will/occurrence,H2,vix,6,0.884,43,0.0031,0.9845,0.0483,0.7585,0.9852,False,U3
layer,statement,will/policy_action,T1,cfnai,57,0.614,101,0.0326,0.7461,0.0384,0.7031,0.7031,False,U3
layer,statement,will/policy_action,T1,vix,57,0.614,101,-0.3188,0.0012,-0.4124,0.0,0.0001,False,U3
layer,statement,will/policy_action,T2,cfnai,56,0.582,91,-0.0715,0.5008,0.027,0.7998,0.7998,True,U3
layer,statement,will/policy_action,T2,vix,56,0.582,91,-0.3317,0.0013,-0.3871,0.0002,0.0002,True,U3
layer,statement,will/policy_action,T3,cfnai,86,0.556,133,0.0307,0.7261,0.0312,0.7217,0.9017,True,U3
layer,statement,will/policy_action,T3,vix,86,0.556,133,-0.1365,0.1171,-0.1989,0.0217,0.0347,True,U3
layer,statement,will/policy_action,H1,cfnai,52,0.271,48,0.1195,0.4185,0.1435,0.3305,0.5784,True,U3
layer,statement,will/policy_action,H1,vix,52,0.271,48,-0.109,0.4608,-0.2037,0.1649,0.3374,True,U3
layer,statement,will/policy_action,H2,cfnai,4,0.93,43,-0.2232,0.1502,-0.2406,0.1201,0.1372,False,U3
layer,statement,will/policy_action,H2,vix,4,0.93,43,-0.0551,0.7256,0.0029,0.9852,0.9852,False,U3
layer,statement,would/copular_adj,T1,cfnai,46,0.545,101,0.1358,0.1757,-0.0771,0.4432,0.591,True,U3
layer,statement,would/copular_adj,T1,vix,46,0.545,101,0.1983,0.0468,0.3589,0.0002,0.0005,True,U3
layer,statement,would/copular_adj,T2,cfnai,43,0.527,91,-0.0854,0.4209,-0.1809,0.0861,0.1286,True,U3
layer,statement,would/copular_adj,T2,vix,43,0.527,91,0.474,0.0,0.4739,0.0,0.0,True,U3
layer,statement,would/copular_adj,T3,cfnai,46,0.654,133,0.1216,0.1633,-0.0208,0.8119,0.9017,False,U3
layer,statement,would/copular_adj,T3,vix,46,0.654,133,0.1316,0.131,0.2467,0.0042,0.0112,False,U3
layer,statement,would/copular_adj,H1,cfnai,0,1.0,48,,,,,,False,U3
layer,statement,would/copular_adj,H1,vix,0,1.0,48,,,,,,False,U3
layer,statement,would/copular_adj,H2,cfnai,43,0.0,43,-0.6024,0.0,-0.4384,0.0033,0.0065,True,U3
layer,statement,would/copular_adj,H2,vix,43,0.0,43,0.0006,0.9969,-0.0119,0.9398,0.9852,True,U3
