doc_id,unit,count,density,share,date,period
statement_20140129,will,14,16.80672268907563,0.8235294117647058,2014-01-29,T1
statement_20140129,could,1,1.2004801920768307,0.058823529411764705,2014-01-29,T1
statement_20140129,would,0,0.0,0.0,2014-01-29,T1
statement_20140129,should,2,2.4009603841536613,0.11764705882352941,2014-01-29,T1
statement_20140129,may,0,0.0,0.0,2014-01-29,T1
statement_20140129,can,0,0.0,0.0,2014-01-29,T1
statement_20140319,will,13,15.42111506524318,0.7647058823529411,2014-03-19,T1
statement_20140319,could,1,1.1862396204033216,0.058823529411764705,2014-03-19,T1
statement_20140319,would,0,0.0,0.0,2014-03-19,T1
statement_20140319,should,2,2.3724792408066433,0.11764705882352941,2014-03-19,T1
statement_20140319,may,1,1.1862396204033216,0.058823529411764705,2014-03-19,T1
statement_20140319,can,0,0.0,0.0,2014-03-19,T1
statement_20140430,will,13,15.97051597051597,0.7647058823529411,2014-04-30,T1
statement_20140430,could,1,1.2285012285012284,0.058823529411764705,2014-04-30,T1
statement_20140430,would,0,0.0,0.0,2014-04-30,T1
statement_20140430,should,2,2.457002457002457,0.11764705882352941,2014-04-30,T1
statement_20140430,may,1,1.2285012285012284,0.058823529411764705,2014-04-30,T1
statement_20140430,can,0,0.0,0.0,2014-04-30,T1
statement_20140618,will,13,16.270337922403005,0.7647058823529411,2014-06-18,T1
statement_20140618,could,1,1.2515644555694618,0.058823529411764705,2014-06-18,T1
statement_20140618,would,0,0.0,0.0,2014-06-18,T1
statement_20140618,should,2,2.5031289111389237,0.11764705882352941,2014-06-18,T1
statement_20140618,may,1,1.2515644555694618,0.058823529411764705,2014-06-18,T1
statement_20140618,can,0,0.0,0.0,2014-06-18,T1
statement_20140730,will,11,13.836477987421384,0.7857142857142857,2014-07-30,T1
statement_20140730,could,0,0.0,0.0,2014-07-30,T1
statement_20140730,would,0,0.0,0.0,2014-07-30,T1
statement_20140730,should,2,2.5157232704402515,0.14285714285714285,2014-07-30,T1
statement_20140730,may,1,1.2578616352201257,0.07142857142857142,2014-07-30,T1
statement_20140730,can,0,0.0,0.0,2014-07-30,T1
statement_20140917,will,11,13.959390862944163,0.7857142857142857,2014-09-17,T1
statement_20140917,could,0,0.0,0.0,2014-09-17,T1
statement_20140917,would,0,0.0,0.0,2014-09-17,T1
statement_20140917,should,2,2.5380710659898473,0.14285714285714285,2014-09-17,T1
statement_20140917,may,1,1.2690355329949237,0.07142857142857142,2014-09-17,T1
statement_20140917,can,0,0.0,0.0,2014-09-17,T1
statement_20141029,will,6,9.360374414976599,0.75,2014-10-29,T1
statement_20141029,could,0,0.0,0.0,2014-10-29,T1
statement_20141029,would,0,0.0,0.0,2014-10-29,T1
statement_20141029,should,1,1.5600624024960998,0.125,2014-10-29,T1
statement_20141029,may,1,1.5600624024960998,0.125,2014-10-29,T1
statement_20141029,can,0,0.0,0.0,2014-10-29,T1
statement_20141217,will,5,8.591065292096221,0.625,2014-12-17,T1
statement_20141217,could,0,0.0,0.0,2014-12-17,T1
statement_20141217,would,0,0.0,0.0,2014-12-17,T1
statement_20141217,should,1,1.7182130584192439,0.125,2014-12-17,T1
statement_20141217,may,1,1.7182130584192439,0.125,2014-12-17,T1
statement_20141217,can,1,1.7182130584192439,0.125,2014-12-17,T1
statement_20150128,will,4,7.352941176470588,0.5714285714285714,2015-01-28,T1
statement_20150128,could,0,0.0,0.0,2015-01-28,T1
statement_20150128,would,0,0.0,0.0,2015-01-28,T1
statement_20150128,should,1,1.838235294117647,0.14285714285714285,2015-01-28,T1
statement_20150128,may,1,1.838235294117647,0.14285714285714285,2015-01-28,T1
statement_20150128,can,1,1.838235294117647,0.14285714285714285,2015-01-28,T1
statement_20150318,will,6,10.752688172043012,0.75,2015-03-18,T1
statement_20150318,could,0,0.0,0.0,2015-03-18,T1
statement_20150318,would,0,0.0,0.0,2015-03-18,T1
statement_20150318,should,1,1.7921146953405018,0.125,2015-03-18,T1
statement_20150318,may,1,1.7921146953405018,0.125,2015-03-18,T1
statement_20150318,can,0,0.0,0.0,2015-03-18,T1
statement_20150429,will,6,11.214953271028037,0.75,2015-04-29,T1
statement_20150429,could,0,0.0,0.0,2015-04-29,T1
statement_20150429,would,0,0.0,0.0,2015-04-29,T1
statement_20150429,should,1,1.8691588785046729,0.125,2015-04-29,T1
statement_20150429,may,1,1.8691588785046729,0.125,2015-04-29,T1
statement_20150429,can,0,0.0,0.0,2015-04-29,T1
statement_20150617,will,6,11.538461538461538,0.75,2015-06-17,T1
statement_20150617,could,0,0.0,0.0,2015-06-17,T1
statement_20150617,would,0,0.0,0.0,2015-06-17,T1
statement_20150617,should,1,1.9230769230769231,0.125,2015-06-17,T1
statement_20150617,may,1,1.9230769230769231,0.125,2015-06-17,T1
statement_20150617,can,0,0.0,0.0,2015-06-17,T1
statement_20150729,will,6,11.695906432748536,0.75,2015-07-29,T1
statement_20150729,could,0,0.0,0.0,2015-07-29,T1
statement_20150729,would,0,0.0,0.0,2015-07-29,T1
statement_20150729,should,1,1.949317738791423,0.125,2015-07-29,T1
statement_20150729,may,1,1.949317738791423,0.125,2015-07-29,T1
statement_20150729,can,0,0.0,0.0,2015-07-29,T1
statement_20150917,will,6,11.131725417439704,0.6666666666666666,2015-09-17,T1
statement_20150917,could,0,0.0,0.0,2015-09-17,T1
statement_20150917,would,0,0.0,0.0,2015-09-17,T1
statement_20150917,should,1,1.8552875695732838,0.1111111111111111,2015-09-17,T1
statement_20150917,may,2,3.7105751391465676,0.2222222222222222,2015-09-17,T1
statement_20150917,can,0,0.0,0.0,2015-09-17,T1
statement_20151028,will,7,13.20754716981132,0.7777777777777778,2015-10-28,T1
statement_20151028,could,0,0.0,0.0,2015-10-28,T1
statement_20151028,would,0,0.0,0.0,2015-10-28,T1
statement_20151028,should,1,1.8867924528301887,0.1111111111111111,2015-10-28,T1
statement_20151028,may,1,1.8867924528301887,0.1111111111111111,2015-10-28,T1
statement_20151028,can,0,0.0,0.0,2015-10-28,T1
statement_20151216,will,9,15.817223198594025,0.9,2015-12-16,T1
statement_20151216,could,0,0.0,0.0,2015-12-16,T1
statement_20151216,would,0,0.0,0.0,2015-12-16,T1
statement_20151216,should,1,1.757469244288225,0.1,2015-12-16,T1
statement_20151216,may,0,0.0,0.0,2015-12-16,T1
statement_20151216,can,0,0.0,0.0,2015-12-16,T1
statement_20160127,will,8,15.09433962264151,0.8888888888888888,2016-01-27,T1
statement_20160127,could,0,0.0,0.0,2016-01-27,T1
statement_20160127,would,0,0.0,0.0,2016-01-27,T1
statement_20160127,should,1,1.8867924528301887,0.1111111111111111,2016-01-27,T1
statement_20160127,may,0,0.0,0.0,2016-01-27,T1
statement_20160127,can,0,0.0,0.0,2016-01-27,T1
statement_20160316,will,8,15.444015444015445,0.8888888888888888,2016-03-16,T1
statement_20160316,could,0,0.0,0.0,2016-03-16,T1
statement_20160316,would,0,0.0,0.0,2016-03-16,T1
statement_20160316,should,1,1.9305019305019306,0.1111111111111111,2016-03-16,T1
statement_20160316,may,0,0.0,0.0,2016-03-16,T1
statement_20160316,can,0,0.0,0.0,2016-03-16,T1
statement_20160427,will,8,15.296367112810707,0.8888888888888888,2016-04-27,T1
statement_20160427,could,0,0.0,0.0,2016-04-27,T1
statement_20160427,would,0,0.0,0.0,2016-04-27,T1
statement_20160427,should,1,1.9120458891013383,0.1111111111111111,2016-04-27,T1
statement_20160427,may,0,0.0,0.0,2016-04-27,T1
statement_20160427,can,0,0.0,0.0,2016-04-27,T1
statement_20160615,will,8,15.625,0.8888888888888888,2016-06-15,T1
statement_20160615,could,0,0.0,0.0,2016-06-15,T1
statement_20160615,would,0,0.0,0.0,2016-06-15,T1
statement_20160615,should,1,1.953125,0.1111111111111111,2016-06-15,T1
statement_20160615,may,0,0.0,0.0,2016-06-15,T1
statement_20160615,can,0,0.0,0.0,2016-06-15,T1
statement_20160727,will,8,15.594541910331383,0.8888888888888888,2016-07-27,T1
statement_20160727,could,0,0.0,0.0,2016-07-27,T1
statement_20160727,would,0,0.0,0.0,2016-07-27,T1
statement_20160727,should,1,1.949317738791423,0.1111111111111111,2016-07-27,T1
statement_20160727,may,0,0.0,0.0,2016-07-27,T1
statement_20160727,can,0,0.0,0.0,2016-07-27,T1
statement_20160921,will,8,14.598540145985401,0.8888888888888888,2016-09-21,T1
statement_20160921,could,0,0.0,0.0,2016-09-21,T1
statement_20160921,would,0,0.0,0.0,2016-09-21,T1
statement_20160921,should,1,1.8248175182481752,0.1111111111111111,2016-09-21,T1
statement_20160921,may,0,0.0,0.0,2016-09-21,T1
statement_20160921,can,0,0.0,0.0,2016-09-21,T1
statement_20161102,will,8,14.760147601476014,0.8888888888888888,2016-11-02,T1
statement_20161102,could,0,0.0,0.0,2016-11-02,T1
statement_20161102,would,0,0.0,0.0,2016-11-02,T1
statement_20161102,should,1,1.8450184501845017,0.1111111111111111,2016-11-02,T1
statement_20161102,may,0,0.0,0.0,2016-11-02,T1
statement_20161102,can,0,0.0,0.0,2016-11-02,T1
statement_20161214,will,8,15.717092337917483,0.8888888888888888,2016-12-14,T1
statement_20161214,could,0,0.0,0.0,2016-12-14,T1
statement_20161214,would,0,0.0,0.0,2016-12-14,T1
statement_20161214,should,1,1.9646365422396854,0.1111111111111111,2016-12-14,T1
statement_20161214,may,0,0.0,0.0,2016-12-14,T1
statement_20161214,can,0,0.0,0.0,2016-12-14,T1
statement_20170201,will,9,19.108280254777068,0.9,2017-02-01,T1
statement_20170201,could,0,0.0,0.0,2017-02-01,T1
statement_20170201,would,0,0.0,0.0,2017-02-01,T1
statement_20170201,should,1,2.1231422505307855,0.1,2017-02-01,T1
statement_20170201,may,0,0.0,0.0,2017-02-01,T1
statement_20170201,can,0,0.0,0.0,2017-02-01,T1
statement_20170315,will,9,19.06779661016949,0.9,2017-03-15,T1
statement_20170315,could,0,0.0,0.0,2017-03-15,T1
statement_20170315,would,0,0.0,0.0,2017-03-15,T1
statement_20170315,should,1,2.1186440677966103,0.1,2017-03-15,T1
statement_20170315,may,0,0.0,0.0,2017-03-15,T1
statement_20170315,can,0,0.0,0.0,2017-03-15,T1
statement_20170503,will,9,18.255578093306287,0.9,2017-05-03,T1
statement_20170503,could,0,0.0,0.0,2017-05-03,T1
statement_20170503,would,0,0.0,0.0,2017-05-03,T1
statement_20170503,should,1,2.028397565922921,0.1,2017-05-03,T1
statement_20170503,may,0,0.0,0.0,2017-05-03,T1
statement_20170503,can,0,0.0,0.0,2017-05-03,T1
statement_20170614,will,8,15.779092702169626,0.8888888888888888,2017-06-14,T1
statement_20170614,could,0,0.0,0.0,2017-06-14,T1
statement_20170614,would,1,1.9723865877712032,0.1111111111111111,2017-06-14,T1
statement_20170614,should,0,0.0,0.0,2017-06-14,T1
statement_20170614,may,0,0.0,0.0,2017-06-14,T1
statement_20170614,can,0,0.0,0.0,2017-06-14,T1
statement_20170726,will,8,16.597510373443985,1.0,2017-07-26,T1
statement_20170726,could,0,0.0,0.0,2017-07-26,T1
statement_20170726,would,0,0.0,0.0,2017-07-26,T1
statement_20170726,should,0,0.0,0.0,2017-07-26,T1
statement_20170726,may,0,0.0,0.0,2017-07-26,T1
statement_20170726,can,0,0.0,0.0,2017-07-26,T1
statement_20170920,will,11,21.611001964636543,1.0,2017-09-20,T1
statement_20170920,could,0,0.0,0.0,2017-09-20,T1
statement_20170920,would,0,0.0,0.0,2017-09-20,T1
statement_20170920,should,0,0.0,0.0,2017-09-20,T1
statement_20170920,may,0,0.0,0.0,2017-09-20,T1
statement_20170920,can,0,0.0,0.0,2017-09-20,T1
statement_20171101,will,9,18.51851851851852,1.0,2017-11-01,T1
statement_20171101,could,0,0.0,0.0,2017-11-01,T1
statement_20171101,would,0,0.0,0.0,2017-11-01,T1
statement_20171101,should,0,0.0,0.0,2017-11-01,T1
statement_20171101,may,0,0.0,0.0,2017-11-01,T1
statement_20171101,can,0,0.0,0.0,2017-11-01,T1
statement_20171213,will,8,18.34862385321101,1.0,2017-12-13,T1
statement_20171213,could,0,0.0,0.0,2017-12-13,T1
statement_20171213,would,0,0.0,0.0,2017-12-13,T1
statement_20171213,should,0,0.0,0.0,2017-12-13,T1
statement_20171213,may,0,0.0,0.0,2017-12-13,T1
statement_20171213,can,0,0.0,0.0,2017-12-13,T1
statement_20180131,will,8,20.56555269922879,1.0,2018-01-31,T1
statement_20180131,could,0,0.0,0.0,2018-01-31,T1
statement_20180131,would,0,0.0,0.0,2018-01-31,T1
statement_20180131,should,0,0.0,0.0,2018-01-31,T1
statement_20180131,may,0,0.0,0.0,2018-01-31,T1
statement_20180131,can,0,0.0,0.0,2018-01-31,T1
statement_20180321,will,8,19.002375296912113,1.0,2018-03-21,T1
statement_20180321,could,0,0.0,0.0,2018-03-21,T1
statement_20180321,would,0,0.0,0.0,2018-03-21,T1
statement_20180321,should,0,0.0,0.0,2018-03-21,T1
statement_20180321,may,0,0.0,0.0,2018-03-21,T1
statement_20180321,can,0,0.0,0.0,2018-03-21,T1
statement_20180502,will,8,20.30456852791878,1.0,2018-05-02,T1
statement_20180502,could,0,0.0,0.0,2018-05-02,T1
statement_20180502,would,0,0.0,0.0,2018-05-02,T1
statement_20180502,should,0,0.0,0.0,2018-05-02,T1
statement_20180502,may,0,0.0,0.0,2018-05-02,T1
statement_20180502,can,0,0.0,0.0,2018-05-02,T1
statement_20180613,will,3,10.380622837370241,1.0,2018-06-13,T1
statement_20180613,could,0,0.0,0.0,2018-06-13,T1
statement_20180613,would,0,0.0,0.0,2018-06-13,T1
statement_20180613,should,0,0.0,0.0,2018-06-13,T1
statement_20180613,may,0,0.0,0.0,2018-06-13,T1
statement_20180613,can,0,0.0,0.0,2018-06-13,T1
statement_20180801,will,3,10.830324909747292,1.0,2018-08-01,T1
statement_20180801,could,0,0.0,0.0,2018-08-01,T1
statement_20180801,would,0,0.0,0.0,2018-08-01,T1
statement_20180801,should,0,0.0,0.0,2018-08-01,T1
statement_20180801,may,0,0.0,0.0,2018-08-01,T1
statement_20180801,can,0,0.0,0.0,2018-08-01,T1
statement_20180926,will,3,11.71875,1.0,2018-09-26,T1
statement_20180926,could,0,0.0,0.0,2018-09-26,T1
statement_20180926,would,0,0.0,0.0,2018-09-26,T1
statement_20180926,should,0,0.0,0.0,2018-09-26,T1
statement_20180926,may,0,0.0,0.0,2018-09-26,T1
statement_20180926,can,0,0.0,0.0,2018-09-26,T1
statement_20181108,will,3,11.152416356877323,1.0,2018-11-08,T1
statement_20181108,could,0,0.0,0.0,2018-11-08,T1
statement_20181108,would,0,0.0,0.0,2018-11-08,T1
statement_20181108,should,0,0.0,0.0,2018-11-08,T1
statement_20181108,may,0,0.0,0.0,2018-11-08,T1
statement_20181108,can,0,0.0,0.0,2018-11-08,T1
statement_20181219,will,4,13.651877133105803,1.0,2018-12-19,T1
statement_20181219,could,0,0.0,0.0,2018-12-19,T1
statement_20181219,would,0,0.0,0.0,2018-12-19,T1
statement_20181219,should,0,0.0,0.0,2018-12-19,T1
statement_20181219,may,0,0.0,0.0,2018-12-19,T1
statement_20181219,can,0,0.0,0.0,2018-12-19,T1
statement_20190130,will,3,10.204081632653061,0.75,2019-01-30,T1
statement_20190130,could,0,0.0,0.0,2019-01-30,T1
statement_20190130,would,0,0.0,0.0,2019-01-30,T1
statement_20190130,should,0,0.0,0.0,2019-01-30,T1
statement_20190130,may,1,3.401360544217687,0.25,2019-01-30,T1
statement_20190130,can,0,0.0,0.0,2019-01-30,T1
statement_20190320,will,3,9.67741935483871,0.75,2019-03-20,T1
statement_20190320,could,0,0.0,0.0,2019-03-20,T1
statement_20190320,would,0,0.0,0.0,2019-03-20,T1
statement_20190320,should,0,0.0,0.0,2019-03-20,T1
statement_20190320,may,1,3.225806451612903,0.25,2019-03-20,T1
statement_20190320,can,0,0.0,0.0,2019-03-20,T1
statement_20190501,will,3,10.48951048951049,0.75,2019-05-01,T1
statement_20190501,could,0,0.0,0.0,2019-05-01,T1
statement_20190501,would,0,0.0,0.0,2019-05-01,T1
statement_20190501,should,0,0.0,0.0,2019-05-01,T1
statement_20190501,may,1,3.4965034965034967,0.25,2019-05-01,T1
statement_20190501,can,0,0.0,0.0,2019-05-01,T1
statement_20190619,will,4,13.333333333333334,1.0,2019-06-19,T1
statement_20190619,could,0,0.0,0.0,2019-06-19,T1
statement_20190619,would,0,0.0,0.0,2019-06-19,T1
statement_20190619,should,0,0.0,0.0,2019-06-19,T1
statement_20190619,may,0,0.0,0.0,2019-06-19,T1
statement_20190619,can,0,0.0,0.0,2019-06-19,T1
statement_20190731,will,5,14.492753623188406,1.0,2019-07-31,T1
statement_20190731,could,0,0.0,0.0,2019-07-31,T1
statement_20190731,would,0,0.0,0.0,2019-07-31,T1
statement_20190731,should,0,0.0,0.0,2019-07-31,T1
statement_20190731,may,0,0.0,0.0,2019-07-31,T1
statement_20190731,can,0,0.0,0.0,2019-07-31,T1
statement_20190918,will,4,12.658227848101266,1.0,2019-09-18,T1
statement_20190918,could,0,0.0,0.0,2019-09-18,T1
statement_20190918,would,0,0.0,0.0,2019-09-18,T1
statement_20190918,should,0,0.0,0.0,2019-09-18,T1
statement_20190918,may,0,0.0,0.0,2019-09-18,T1
statement_20190918,can,0,0.0,0.0,2019-09-18,T1
statement_20191030,will,3,10.169491525423728,1.0,2019-10-30,T1
statement_20191030,could,0,0.0,0.0,2019-10-30,T1
statement_20191030,would,0,0.0,0.0,2019-10-30,T1
statement_20191030,should,0,0.0,0.0,2019-10-30,T1
statement_20191030,may,0,0.0,0.0,2019-10-30,T1
statement_20191030,can,0,0.0,0.0,2019-10-30,T1
statement_20191211,will,3,10.830324909747292,1.0,2019-12-11,T1
statement_20191211,could,0,0.0,0.0,2019-12-11,T1
statement_20191211,would,0,0.0,0.0,2019-12-11,T1
statement_20191211,should,0,0.0,0.0,2019-12-11,T1
statement_20191211,may,0,0.0,0.0,2019-12-11,T1
statement_20191211,can,0,0.0,0.0,2019-12-11,T1
statement_20200129,will,3,10.79136690647482,1.0,2020-01-29,T1
statement_20200129,could,0,0.0,0.0,2020-01-29,T1
statement_20200129,would,0,0.0,0.0,2020-01-29,T1
statement_20200129,should,0,0.0,0.0,2020-01-29,T1
statement_20200129,may,0,0.0,0.0,2020-01-29,T1
statement_20200129,can,0,0.0,0.0,2020-01-29,T1
statement_20200303,will,1,10.752688172043012,1.0,2020-03-03,T1
statement_20200303,could,0,0.0,0.0,2020-03-03,T1
statement_20200303,would,0,0.0,0.0,2020-03-03,T1
statement_20200303,should,0,0.0,0.0,2020-03-03,T1
statement_20200303,may,0,0.0,0.0,2020-03-03,T1
statement_20200303,can,0,0.0,0.0,2020-03-03,T1
statement_20200315,will,9,14.563106796116505,0.9,2020-03-15,T1
statement_20200315,could,0,0.0,0.0,2020-03-15,T1
statement_20200315,would,0,0.0,0.0,2020-03-15,T1
statement_20200315,should,0,0.0,0.0,2020-03-15,T1
statement_20200315,may,0,0.0,0.0,2020-03-15,T1
statement_20200315,can,1,1.6181229773462784,0.1,2020-03-15,T1
statement_20200323,will,5,8.077544426494345,0.7142857142857143,2020-03-23,T1
statement_20200323,could,0,0.0,0.0,2020-03-23,T1
statement_20200323,would,0,0.0,0.0,2020-03-23,T1
statement_20200323,should,0,0.0,0.0,2020-03-23,T1
statement_20200323,may,1,1.6155088852988693,0.14285714285714285,2020-03-23,T1
statement_20200323,can,1,1.6155088852988693,0.14285714285714285,2020-03-23,T1
statement_20200429,will,8,20.72538860103627,1.0,2020-04-29,T1
statement_20200429,could,0,0.0,0.0,2020-04-29,T1
statement_20200429,would,0,0.0,0.0,2020-04-29,T1
statement_20200429,should,0,0.0,0.0,2020-04-29,T1
statement_20200429,may,0,0.0,0.0,2020-04-29,T1
statement_20200429,can,0,0.0,0.0,2020-04-29,T1
statement_20200610,will,8,20.56555269922879,1.0,2020-06-10,T1
statement_20200610,could,0,0.0,0.0,2020-06-10,T1
statement_20200610,would,0,0.0,0.0,2020-06-10,T1
statement_20200610,should,0,0.0,0.0,2020-06-10,T1
statement_20200610,may,0,0.0,0.0,2020-06-10,T1
statement_20200610,can,0,0.0,0.0,2020-06-10,T1
statement_20200729,will,9,21.95121951219512,1.0,2020-07-29,T1
statement_20200729,could,0,0.0,0.0,2020-07-29,T1
statement_20200729,would,0,0.0,0.0,2020-07-29,T1
statement_20200729,should,0,0.0,0.0,2020-07-29,T1
statement_20200729,may,0,0.0,0.0,2020-07-29,T1
statement_20200729,can,0,0.0,0.0,2020-07-29,T1
statement_20200916,will,7,16.50943396226415,0.7777777777777778,2020-09-16,T1
statement_20200916,could,1,2.3584905660377355,0.1111111111111111,2020-09-16,T1
statement_20200916,would,1,2.3584905660377355,0.1111111111111111,2020-09-16,T1
statement_20200916,should,0,0.0,0.0,2020-09-16,T1
statement_20200916,may,0,0.0,0.0,2020-09-16,T1
statement_20200916,can,0,0.0,0.0,2020-09-16,T1
statement_20201105,will,7,16.6270783847981,0.7777777777777778,2020-11-05,T1
statement_20201105,could,1,2.375296912114014,0.1111111111111111,2020-11-05,T1
statement_20201105,would,1,2.375296912114014,0.1111111111111111,2020-11-05,T1
statement_20201105,should,0,0.0,0.0,2020-11-05,T1
statement_20201105,may,0,0.0,0.0,2020-11-05,T1
statement_20201105,can,0,0.0,0.0,2020-11-05,T1
statement_20201216,will,7,15.590200445434299,0.7777777777777778,2020-12-16,T1
statement_20201216,could,1,2.2271714922048997,0.1111111111111111,2020-12-16,T1
statement_20201216,would,1,2.2271714922048997,0.1111111111111111,2020-12-16,T1
statement_20201216,should,0,0.0,0.0,2020-12-16,T1
statement_20201216,may,0,0.0,0.0,2020-12-16,T1
statement_20201216,can,0,0.0,0.0,2020-12-16,T1
statement_20210127,will,6,13.3630289532294,0.75,2021-01-27,T1
statement_20210127,could,1,2.2271714922048997,0.125,2021-01-27,T1
statement_20210127,would,1,2.2271714922048997,0.125,2021-01-27,T1
statement_20210127,should,0,0.0,0.0,2021-01-27,T1
statement_20210127,may,0,0.0,0.0,2021-01-27,T1
statement_20210127,can,0,0.0,0.0,2021-01-27,T1
statement_20210317,will,6,13.513513513513514,0.75,2021-03-17,T1
statement_20210317,could,1,2.2522522522522523,0.125,2021-03-17,T1
statement_20210317,would,1,2.2522522522522523,0.125,2021-03-17,T1
statement_20210317,should,0,0.0,0.0,2021-03-17,T1
statement_20210317,may,0,0.0,0.0,2021-03-17,T1
statement_20210317,can,0,0.0,0.0,2021-03-17,T1
statement_20210428,will,6,13.636363636363635,0.75,2021-04-28,T1
statement_20210428,could,1,2.2727272727272725,0.125,2021-04-28,T1
statement_20210428,would,1,2.2727272727272725,0.125,2021-04-28,T1
statement_20210428,should,0,0.0,0.0,2021-04-28,T1
statement_20210428,may,0,0.0,0.0,2021-04-28,T1
statement_20210428,can,0,0.0,0.0,2021-04-28,T1
statement_20210616,will,7,15.981735159817351,0.7777777777777778,2021-06-16,T1
statement_20210616,could,1,2.28310502283105,0.1111111111111111,2021-06-16,T1
statement_20210616,would,1,2.28310502283105,0.1111111111111111,2021-06-16,T1
statement_20210616,should,0,0.0,0.0,2021-06-16,T1
statement_20210616,may,0,0.0,0.0,2021-06-16,T1
statement_20210616,can,0,0.0,0.0,2021-06-16,T1
statement_20210728,will,6,13.303769401330378,0.6666666666666666,2021-07-28,T1
statement_20210728,could,1,2.2172949002217295,0.1111111111111111,2021-07-28,T1
statement_20210728,would,2,4.434589800443459,0.2222222222222222,2021-07-28,T1
statement_20210728,should,0,0.0,0.0,2021-07-28,T1
statement_20210728,may,0,0.0,0.0,2021-07-28,T1
statement_20210728,can,0,0.0,0.0,2021-07-28,T1
statement_20210922,will,5,10.660980810234541,0.5555555555555556,2021-09-22,T1
statement_20210922,could,1,2.1321961620469083,0.1111111111111111,2021-09-22,T1
statement_20210922,would,2,4.264392324093817,0.2222222222222222,2021-09-22,T1
statement_20210922,should,0,0.0,0.0,2021-09-22,T1
statement_20210922,may,1,2.1321961620469083,0.1111111111111111,2021-09-22,T1
statement_20210922,can,0,0.0,0.0,2021-09-22,T1
statement_20211103,will,8,13.651877133105803,0.8,2021-11-03,T1
statement_20211103,could,1,1.7064846416382253,0.1,2021-11-03,T1
statement_20211103,would,1,1.7064846416382253,0.1,2021-11-03,T1
statement_20211103,should,0,0.0,0.0,2021-11-03,T1
statement_20211103,may,0,0.0,0.0,2021-11-03,T1
statement_20211103,can,0,0.0,0.0,2021-11-03,T1
statement_20211215,will,6,12.320328542094456,0.75,2021-12-15,T1
statement_20211215,could,1,2.053388090349076,0.125,2021-12-15,T1
statement_20211215,would,1,2.053388090349076,0.125,2021-12-15,T1
statement_20211215,should,0,0.0,0.0,2021-12-15,T1
statement_20211215,may,0,0.0,0.0,2021-12-15,T1
statement_20211215,can,0,0.0,0.0,2021-12-15,T1
statement_20220126,will,5,12.82051282051282,0.7142857142857143,2022-01-26,T1
statement_20220126,could,1,2.5641025641025643,0.14285714285714285,2022-01-26,T1
statement_20220126,would,1,2.5641025641025643,0.14285714285714285,2022-01-26,T1
statement_20220126,should,0,0.0,0.0,2022-01-26,T1
statement_20220126,may,0,0.0,0.0,2022-01-26,T1
statement_20220126,can,0,0.0,0.0,2022-01-26,T1
statement_20220316,will,3,10.830324909747292,0.6,2022-03-16,T1
statement_20220316,could,1,3.6101083032490977,0.2,2022-03-16,T1
statement_20220316,would,1,3.6101083032490977,0.2,2022-03-16,T1
statement_20220316,should,0,0.0,0.0,2022-03-16,T1
statement_20220316,may,0,0.0,0.0,2022-03-16,T1
statement_20220316,can,0,0.0,0.0,2022-03-16,T1
statement_20220504,will,3,8.875739644970414,0.6,2022-05-04,T1
statement_20220504,could,1,2.9585798816568047,0.2,2022-05-04,T1
statement_20220504,would,1,2.9585798816568047,0.2,2022-05-04,T1
statement_20220504,should,0,0.0,0.0,2022-05-04,T1
statement_20220504,may,0,0.0,0.0,2022-05-04,T1
statement_20220504,can,0,0.0,0.0,2022-05-04,T1
statement_20220615,will,4,13.651877133105803,0.6666666666666666,2022-06-15,T1
statement_20220615,could,1,3.4129692832764507,0.16666666666666666,2022-06-15,T1
statement_20220615,would,1,3.4129692832764507,0.16666666666666666,2022-06-15,T1
statement_20220615,should,0,0.0,0.0,2022-06-15,T1
statement_20220615,may,0,0.0,0.0,2022-06-15,T1
statement_20220615,can,0,0.0,0.0,2022-06-15,T1
statement_20220727,will,4,14.545454545454545,0.6666666666666666,2022-07-27,T1
statement_20220727,could,1,3.6363636363636362,0.16666666666666666,2022-07-27,T1
statement_20220727,would,1,3.6363636363636362,0.16666666666666666,2022-07-27,T1
statement_20220727,should,0,0.0,0.0,2022-07-27,T1
statement_20220727,may,0,0.0,0.0,2022-07-27,T1
statement_20220727,can,0,0.0,0.0,2022-07-27,T1
statement_20220921,will,4,14.545454545454545,0.6666666666666666,2022-09-21,T1
statement_20220921,could,1,3.6363636363636362,0.16666666666666666,2022-09-21,T1
statement_20220921,would,1,3.6363636363636362,0.16666666666666666,2022-09-21,T1
statement_20220921,should,0,0.0,0.0,2022-09-21,T1
statement_20220921,may,0,0.0,0.0,2022-09-21,T1
statement_20220921,can,0,0.0,0.0,2022-09-21,T1
statement_20221102,will,5,14.367816091954023,0.7142857142857143,2022-11-02,T1
statement_20221102,could,1,2.8735632183908044,0.14285714285714285,2022-11-02,T1
statement_20221102,would,1,2.8735632183908044,0.14285714285714285,2022-11-02,T1
statement_20221102,should,0,0.0,0.0,2022-11-02,T1
statement_20221102,may,0,0.0,0.0,2022-11-02,T1
statement_20221102,can,0,0.0,0.0,2022-11-02,T1
statement_20221214,will,5,14.326647564469916,0.7142857142857143,2022-12-14,T1
statement_20221214,could,1,2.865329512893983,0.14285714285714285,2022-12-14,T1
statement_20221214,would,1,2.865329512893983,0.14285714285714285,2022-12-14,T1
statement_20221214,should,0,0.0,0.0,2022-12-14,T1
statement_20221214,may,0,0.0,0.0,2022-12-14,T1
statement_20221214,can,0,0.0,0.0,2022-12-14,T1
statement_20230201,will,5,16.286644951140065,0.7142857142857143,2023-02-01,T1
statement_20230201,could,1,3.257328990228013,0.14285714285714285,2023-02-01,T1
statement_20230201,would,1,3.257328990228013,0.14285714285714285,2023-02-01,T1
statement_20230201,should,0,0.0,0.0,2023-02-01,T1
statement_20230201,may,0,0.0,0.0,2023-02-01,T1
statement_20230201,can,0,0.0,0.0,2023-02-01,T1
statement_20230322,will,5,14.749262536873156,0.625,2023-03-22,T1
statement_20230322,could,1,2.949852507374631,0.125,2023-03-22,T1
statement_20230322,would,1,2.949852507374631,0.125,2023-03-22,T1
statement_20230322,should,0,0.0,0.0,2023-03-22,T1
statement_20230322,may,1,2.949852507374631,0.125,2023-03-22,T1
statement_20230322,can,0,0.0,0.0,2023-03-22,T1
statement_20230503,will,5,16.393442622950822,0.625,2023-05-03,T1
statement_20230503,could,1,3.278688524590164,0.125,2023-05-03,T1
statement_20230503,would,1,3.278688524590164,0.125,2023-05-03,T1
statement_20230503,should,0,0.0,0.0,2023-05-03,T1
statement_20230503,may,1,3.278688524590164,0.125,2023-05-03,T1
statement_20230503,can,0,0.0,0.0,2023-05-03,T1
statement_20230614,will,4,12.698412698412698,0.5714285714285714,2023-06-14,T1
statement_20230614,could,1,3.1746031746031744,0.14285714285714285,2023-06-14,T1
statement_20230614,would,1,3.1746031746031744,0.14285714285714285,2023-06-14,T1
statement_20230614,should,0,0.0,0.0,2023-06-14,T1
statement_20230614,may,1,3.1746031746031744,0.14285714285714285,2023-06-14,T1
statement_20230614,can,0,0.0,0.0,2023-06-14,T1
statement_20230726,will,5,16.233766233766232,0.625,2023-07-26,T1
statement_20230726,could,1,3.246753246753247,0.125,2023-07-26,T1
statement_20230726,would,1,3.246753246753247,0.125,2023-07-26,T1
statement_20230726,should,0,0.0,0.0,2023-07-26,T1
statement_20230726,may,1,3.246753246753247,0.125,2023-07-26,T1
statement_20230726,can,0,0.0,0.0,2023-07-26,T1
statement_20230920,will,5,16.129032258064516,0.625,2023-09-20,T1
statement_20230920,could,1,3.225806451612903,0.125,2023-09-20,T1
statement_20230920,would,1,3.225806451612903,0.125,2023-09-20,T1
statement_20230920,should,0,0.0,0.0,2023-09-20,T1
statement_20230920,may,1,3.225806451612903,0.125,2023-09-20,T1
statement_20230920,can,0,0.0,0.0,2023-09-20,T1
statement_20231101,will,5,15.822784810126583,0.625,2023-11-01,T1
statement_20231101,could,1,3.1645569620253164,0.125,2023-11-01,T1
statement_20231101,would,1,3.1645569620253164,0.125,2023-11-01,T1
statement_20231101,should,0,0.0,0.0,2023-11-01,T1
statement_20231101,may,1,3.1645569620253164,0.125,2023-11-01,T1
statement_20231101,can,0,0.0,0.0,2023-11-01,T1
statement_20231213,will,5,15.290519877675841,0.625,2023-12-13,T1
statement_20231213,could,1,3.058103975535168,0.125,2023-12-13,T1
statement_20231213,would,1,3.058103975535168,0.125,2023-12-13,T1
statement_20231213,should,0,0.0,0.0,2023-12-13,T1
statement_20231213,may,1,3.058103975535168,0.125,2023-12-13,T1
statement_20231213,can,0,0.0,0.0,2023-12-13,T1
statement_20240131,will,5,16.44736842105263,0.7142857142857143,2024-01-31,T1
statement_20240131,could,1,3.289473684210526,0.14285714285714285,2024-01-31,T1
statement_20240131,would,1,3.289473684210526,0.14285714285714285,2024-01-31,T1
statement_20240131,should,0,0.0,0.0,2024-01-31,T1
statement_20240131,may,0,0.0,0.0,2024-01-31,T1
statement_20240131,can,0,0.0,0.0,2024-01-31,T1
statement_20240320,will,5,16.778523489932887,0.7142857142857143,2024-03-20,T1
statement_20240320,could,1,3.3557046979865772,0.14285714285714285,2024-03-20,T1
statement_20240320,would,1,3.3557046979865772,0.14285714285714285,2024-03-20,T1
statement_20240320,should,0,0.0,0.0,2024-03-20,T1
statement_20240320,may,0,0.0,0.0,2024-03-20,T1
statement_20240320,can,0,0.0,0.0,2024-03-20,T1
statement_20240501,will,8,21.108179419525065,0.8,2024-05-01,T1
statement_20240501,could,1,2.638522427440633,0.1,2024-05-01,T1
statement_20240501,would,1,2.638522427440633,0.1,2024-05-01,T1
statement_20240501,should,0,0.0,0.0,2024-05-01,T1
statement_20240501,may,0,0.0,0.0,2024-05-01,T1
statement_20240501,can,0,0.0,0.0,2024-05-01,T1
statement_20240612,will,5,16.025641025641026,0.7142857142857143,2024-06-12,T1
statement_20240612,could,1,3.205128205128205,0.14285714285714285,2024-06-12,T1
statement_20240612,would,1,3.205128205128205,0.14285714285714285,2024-06-12,T1
statement_20240612,should,0,0.0,0.0,2024-06-12,T1
statement_20240612,may,0,0.0,0.0,2024-06-12,T1
statement_20240612,can,0,0.0,0.0,2024-06-12,T1
statement_20240731,will,5,15.723270440251572,0.7142857142857143,2024-07-31,T1
statement_20240731,could,1,3.1446540880503147,0.14285714285714285,2024-07-31,T1
statement_20240731,would,1,3.1446540880503147,0.14285714285714285,2024-07-31,T1
statement_20240731,should,0,0.0,0.0,2024-07-31,T1
statement_20240731,may,0,0.0,0.0,2024-07-31,T1
statement_20240731,can,0,0.0,0.0,2024-07-31,T1
statement_20240918,will,4,13.289036544850498,0.6666666666666666,2024-09-18,T1
statement_20240918,could,1,3.3222591362126246,0.16666666666666666,2024-09-18,T1
statement_20240918,would,1,3.3222591362126246,0.16666666666666666,2024-09-18,T1
statement_20240918,should,0,0.0,0.0,2024-09-18,T1
statement_20240918,may,0,0.0,0.0,2024-09-18,T1
statement_20240918,can,0,0.0,0.0,2024-09-18,T1
statement_20241107,will,4,13.888888888888888,0.6666666666666666,2024-11-07,T1
statement_20241107,could,1,3.472222222222222,0.16666666666666666,2024-11-07,T1
statement_20241107,would,1,3.472222222222222,0.16666666666666666,2024-11-07,T1
statement_20241107,should,0,0.0,0.0,2024-11-07,T1
statement_20241107,may,0,0.0,0.0,2024-11-07,T1
statement_20241107,can,0,0.0,0.0,2024-11-07,T1
statement_20241218,will,4,13.651877133105803,0.6666666666666666,2024-12-18,T1
statement_20241218,could,1,3.4129692832764507,0.16666666666666666,2024-12-18,T1
statement_20241218,would,1,3.4129692832764507,0.16666666666666666,2024-12-18,T1
statement_20241218,should,0,0.0,0.0,2024-12-18,T1
statement_20241218,may,0,0.0,0.0,2024-12-18,T1
statement_20241218,can,0,0.0,0.0,2024-12-18,T1
statement_20250129,will,4,14.545454545454545,0.6666666666666666,2025-01-29,T1
statement_20250129,could,1,3.6363636363636362,0.16666666666666666,2025-01-29,T1
statement_20250129,would,1,3.6363636363636362,0.16666666666666666,2025-01-29,T1
statement_20250129,should,0,0.0,0.0,2025-01-29,T1
statement_20250129,may,0,0.0,0.0,2025-01-29,T1
statement_20250129,can,0,0.0,0.0,2025-01-29,T1
statement_20250319,will,6,19.29260450160772,0.75,2025-03-19,T1
statement_20250319,could,1,3.215434083601286,0.125,2025-03-19,T1
statement_20250319,would,1,3.215434083601286,0.125,2025-03-19,T1
statement_20250319,should,0,0.0,0.0,2025-03-19,T1
statement_20250319,may,0,0.0,0.0,2025-03-19,T1
statement_20250319,can,0,0.0,0.0,2025-03-19,T1
statement_20250507,will,4,14.184397163120567,0.6666666666666666,2025-05-07,T1
statement_20250507,could,1,3.5460992907801416,0.16666666666666666,2025-05-07,T1
statement_20250507,would,1,3.5460992907801416,0.16666666666666666,2025-05-07,T1
statement_20250507,should,0,0.0,0.0,2025-05-07,T1
statement_20250507,may,0,0.0,0.0,2025-05-07,T1
statement_20250507,can,0,0.0,0.0,2025-05-07,T1
statement_20250618,will,4,15.151515151515152,0.6666666666666666,2025-06-18,T1
statement_20250618,could,1,3.787878787878788,0.16666666666666666,2025-06-18,T1
statement_20250618,would,1,3.787878787878788,0.16666666666666666,2025-06-18,T1
statement_20250618,should,0,0.0,0.0,2025-06-18,T1
statement_20250618,may,0,0.0,0.0,2025-06-18,T1
statement_20250618,can,0,0.0,0.0,2025-06-18,T1
statement_20250730,will,4,15.151515151515152,0.6666666666666666,2025-07-30,T1
statement_20250730,could,1,3.787878787878788,0.16666666666666666,2025-07-30,T1
statement_20250730,would,1,3.787878787878788,0.16666666666666666,2025-07-30,T1
statement_20250730,should,0,0.0,0.0,2025-07-30,T1
statement_20250730,may,0,0.0,0.0,2025-07-30,T1
statement_20250730,can,0,0.0,0.0,2025-07-30,T1
statement_20250917,will,4,14.388489208633095,0.6666666666666666,2025-09-17,T1
statement_20250917,could,1,3.5971223021582737,0.16666666666666666,2025-09-17,T1
statement_20250917,would,1,3.5971223021582737,0.16666666666666666,2025-09-17,T1
statement_20250917,should,0,0.0,0.0,2025-09-17,T1
statement_20250917,may,0,0.0,0.0,2025-09-17,T1
statement_20250917,can,0,0.0,0.0,2025-09-17,T1
statement_20251029,will,3,10.238907849829351,0.6,2025-10-29,T1
statement_20251029,could,1,3.4129692832764507,0.2,2025-10-29,T1
statement_20251029,would,1,3.4129692832764507,0.2,2025-10-29,T1
statement_20251029,should,0,0.0,0.0,2025-10-29,T1
statement_20251029,may,0,0.0,0.0,2025-10-29,T1
statement_20251029,can,0,0.0,0.0,2025-10-29,T1
statement_20251210,will,4,12.779552715654951,0.6666666666666666,2025-12-10,T1
statement_20251210,could,1,3.1948881789137378,0.16666666666666666,2025-12-10,T1
statement_20251210,would,1,3.1948881789137378,0.16666666666666666,2025-12-10,T1
statement_20251210,should,0,0.0,0.0,2025-12-10,T1
statement_20251210,may,0,0.0,0.0,2025-12-10,T1
statement_20251210,can,0,0.0,0.0,2025-12-10,T1
statement_20260128,will,3,12.711864406779663,0.6,2026-01-28,T1
statement_20260128,could,1,4.237288135593221,0.2,2026-01-28,T1
statement_20260128,would,1,4.237288135593221,0.2,2026-01-28,T1
statement_20260128,should,0,0.0,0.0,2026-01-28,T1
statement_20260128,may,0,0.0,0.0,2026-01-28,T1
statement_20260128,can,0,0.0,0.0,2026-01-28,T1
statement_20260318,will,3,11.952191235059761,0.6,2026-03-18,T1
statement_20260318,could,1,3.9840637450199203,0.2,2026-03-18,T1
statement_20260318,would,1,3.9840637450199203,0.2,2026-03-18,T1
statement_20260318,should,0,0.0,0.0,2026-03-18,T1
statement_20260318,may,0,0.0,0.0,2026-03-18,T1
statement_20260318,can,0,0.0,0.0,2026-03-18,T1
statement_20260429,will,3,11.627906976744185,0.6,2026-04-29,T1
statement_20260429,could,1,3.875968992248062,0.2,2026-04-29,T1
statement_20260429,would,1,3.875968992248062,0.2,2026-04-29,T1
statement_20260429,should,0,0.0,0.0,2026-04-29,T1
statement_20260429,may,0,0.0,0.0,2026-04-29,T1
statement_20260429,can,0,0.0,0.0,2026-04-29,T1
