lm_strong_modal_n,lm_weak_modal_n,lm_uncertainty_n,lm_strong_per_1000,lm_weak_per_1000,lm_uncertainty_per_1000,lm_net_modal_per_1000,lm_strong_minus_weak,n_tokens,doc_id,doc_type,date,chair
7,2,7,12.774,3.65,12.774,9.124,5,548,statement_20100127,statement,2010-01-27,Bernanke
4,2,6,8.909,4.454,13.363,4.454,2,449,statement_20100316,statement,2010-03-16,Bernanke
3,2,6,7.229,4.819,14.458,2.41,1,415,statement_20100428,statement,2010-04-28,Bernanke
3,3,7,8.219,8.219,19.178,0.0,0,365,statement_20100623,statement,2010-06-23,Bernanke
7,0,5,15.119,0.0,10.799,15.119,7,463,statement_20100810,statement,2010-08-10,Bernanke
4,1,5,9.259,2.315,11.574,6.944,3,432,statement_20100921,statement,2010-09-21,Bernanke
7,2,7,14.113,4.032,14.113,10.081,5,496,statement_20101103,statement,2010-11-03,Bernanke
7,2,5,14.141,4.04,10.101,10.101,5,495,statement_20101214,statement,2010-12-14,Bernanke
6,1,3,13.636,2.273,6.818,11.364,5,440,statement_20110126,statement,2011-01-26,Bernanke
7,2,5,14.989,4.283,10.707,10.707,5,467,statement_20110315,statement,2011-03-15,Bernanke
7,1,3,14.989,2.141,6.424,12.848,6,467,statement_20110427,statement,2011-04-27,Bernanke
8,1,4,17.354,2.169,8.677,15.184,7,461,statement_20110622,statement,2011-06-22,Bernanke
6,2,7,11.342,3.781,13.233,7.561,4,529,statement_20110809,statement,2011-08-09,Bernanke
7,1,5,11.667,1.667,8.333,10.0,6,600,statement_20110921,statement,2011-09-21,Bernanke
5,3,7,10.04,6.024,14.056,4.016,2,498,statement_20111102,statement,2011-11-02,Bernanke
5,2,7,11.287,4.515,15.801,6.772,3,443,statement_20111213,statement,2011-12-13,Bernanke
3,1,5,6.977,2.326,11.628,4.651,2,430,statement_20120125,statement,2012-01-25,Bernanke
4,1,6,9.091,2.273,13.636,6.818,3,440,statement_20120313,statement,2012-03-13,Bernanke
3,2,7,6.682,4.454,15.59,2.227,1,449,statement_20120425,statement,2012-04-25,Bernanke
2,3,8,3.906,5.859,15.625,-1.953,-1,512,statement_20120620,statement,2012-06-20,Bernanke
4,3,7,8.529,6.397,14.925,2.132,1,469,statement_20120801,statement,2012-08-01,Bernanke
7,3,6,12.174,5.217,10.435,6.957,4,575,statement_20120913,statement,2012-09-13,Bernanke
9,3,6,16.043,5.348,10.695,10.695,6,561,statement_20121024,statement,2012-10-24,Bernanke
13,4,9,18.466,5.682,12.784,12.784,9,704,statement_20121212,statement,2012-12-12,Bernanke
12,4,10,18.127,6.042,15.106,12.085,8,662,statement_20130130,statement,2013-01-30,Bernanke
10,4,10,15.221,6.088,15.221,9.132,6,657,statement_20130320,statement,2013-03-20,Bernanke
10,4,10,14.641,5.857,14.641,8.785,6,683,statement_20130501,statement,2013-05-01,Bernanke
11,3,8,15.471,4.219,11.252,11.252,8,711,statement_20130619,statement,2013-06-19,Bernanke
10,4,9,14.006,5.602,12.605,8.403,6,714,statement_20130731,statement,2013-07-31,Bernanke
12,4,11,14.76,4.92,13.53,9.84,8,813,statement_20130918,statement,2013-09-18,Bernanke
12,5,12,15.171,6.321,15.171,8.85,7,791,statement_20131030,statement,2013-10-30,Bernanke
15,4,9,16.835,4.489,10.101,12.346,11,891,statement_20131218,statement,2013-12-18,Bernanke
14,3,7,16.393,3.513,8.197,12.881,11,854,statement_20140129,statement,2014-01-29,Bernanke
13,3,10,14.428,3.33,11.099,11.099,10,901,statement_20140319,statement,2014-03-19,Yellen
13,5,10,15.532,5.974,11.947,9.558,8,837,statement_20140430,statement,2014-04-30,Yellen
13,4,9,15.777,4.854,10.922,10.922,9,824,statement_20140618,statement,2014-06-18,Yellen
12,6,12,13.667,6.834,13.667,6.834,6,878,statement_20140730,statement,2014-07-30,Yellen
13,7,15,14.115,7.6,16.287,6.515,6,921,statement_20140917,statement,2014-09-17,Yellen
6,7,14,8.043,9.383,18.767,-1.34,-1,746,statement_20141029,statement,2014-10-29,Yellen
6,5,13,8.011,6.676,17.356,1.335,1,749,statement_20141217,statement,2014-12-17,Yellen
4,4,9,6.826,6.826,15.358,0.0,0,586,statement_20150128,statement,2015-01-28,Yellen
6,5,9,10.05,8.375,15.075,1.675,1,597,statement_20150318,statement,2015-03-18,Yellen
7,4,8,12.195,6.969,13.937,5.226,3,574,statement_20150429,statement,2015-04-29,Yellen
6,5,10,10.733,8.945,17.889,1.789,1,559,statement_20150617,statement,2015-06-17,Yellen
6,3,7,10.85,5.425,12.658,5.425,3,553,statement_20150729,statement,2015-07-29,Yellen
6,5,9,9.983,8.319,14.975,1.664,1,601,statement_20150917,statement,2015-09-17,Yellen
7,3,7,11.824,5.068,11.824,6.757,4,592,statement_20151028,statement,2015-10-28,Yellen
9,2,4,14.851,3.3,6.601,11.551,7,606,statement_20151216,statement,2015-12-16,Yellen
8,2,4,13.889,3.472,6.944,10.417,6,576,statement_20160127,statement,2016-01-27,Yellen
8,2,4,13.629,3.407,6.814,10.221,6,587,statement_20160316,statement,2016-03-16,Yellen
8,2,3,13.514,3.378,5.068,10.135,6,592,statement_20160427,statement,2016-04-27,Yellen
8,3,4,14.337,5.376,7.168,8.961,5,558,statement_20160615,statement,2016-06-15,Yellen
9,2,4,15.464,3.436,6.873,12.027,7,582,statement_20160727,statement,2016-07-27,Yellen
9,2,6,14.516,3.226,9.677,11.29,7,620,statement_20160921,statement,2016-09-21,Yellen
8,3,7,13.029,4.886,11.401,8.143,5,614,statement_20161102,statement,2016-11-02,Yellen
8,2,6,14.414,3.604,10.811,10.811,6,555,statement_20161214,statement,2016-12-14,Yellen
9,2,6,17.408,3.868,11.605,13.54,7,517,statement_20170201,statement,2017-02-01,Yellen
9,5,9,16.698,9.276,16.698,7.421,4,539,statement_20170315,statement,2017-03-15,Yellen
9,5,9,16.822,9.346,16.822,7.477,4,535,statement_20170503,statement,2017-05-03,Yellen
8,5,9,14.109,8.818,15.873,5.291,3,567,statement_20170614,statement,2017-06-14,Yellen
8,3,7,15.355,5.758,13.436,9.597,5,521,statement_20170726,statement,2017-07-26,Yellen
11,4,7,20.073,7.299,12.774,12.774,7,548,statement_20170920,statement,2017-09-20,Yellen
9,4,7,17.078,7.59,13.283,9.488,5,527,statement_20171101,statement,2017-11-01,Yellen
8,2,6,15.968,3.992,11.976,11.976,6,501,statement_20171213,statement,2017-12-13,Yellen
8,1,4,18.391,2.299,9.195,16.092,7,435,statement_20180131,statement,2018-01-31,Yellen
8,2,5,17.316,4.329,10.823,12.987,6,462,statement_20180321,statement,2018-03-21,Powell
9,4,7,20.69,9.195,16.092,11.494,5,435,statement_20180502,statement,2018-05-02,Powell
4,2,5,12.048,6.024,15.06,6.024,2,332,statement_20180613,statement,2018-06-13,Powell
4,0,3,12.5,0.0,9.375,12.5,4,320,statement_20180801,statement,2018-08-01,Powell
4,0,3,13.201,0.0,9.901,13.201,4,303,statement_20180926,statement,2018-09-26,Powell
4,0,3,12.658,0.0,9.494,12.658,4,316,statement_20181108,statement,2018-11-08,Powell
5,0,2,14.577,0.0,5.831,14.577,5,343,statement_20181219,statement,2018-12-19,Powell
4,1,1,11.696,2.924,2.924,8.772,3,342,statement_20190130,statement,2019-01-30,Powell
3,1,1,8.38,2.793,2.793,5.587,2,358,statement_20190320,statement,2019-03-20,Powell
3,3,3,8.982,8.982,8.982,0.0,0,334,statement_20190501,statement,2019-05-01,Powell
4,2,4,10.84,5.42,10.84,5.42,2,369,statement_20190619,statement,2019-06-19,Powell
5,0,1,12.048,0.0,2.41,12.048,5,415,statement_20190731,statement,2019-07-31,Powell
4,0,1,10.05,0.0,2.513,10.05,4,398,statement_20190918,statement,2019-09-18,Powell
5,3,7,6.906,4.144,9.669,2.762,2,724,statement_20191011,statement,2019-10-11,Powell
3,0,1,8.31,0.0,2.77,8.31,3,361,statement_20191030,statement,2019-10-30,Powell
3,0,0,9.202,0.0,0.0,9.202,3,326,statement_20191211,statement,2019-12-11,Powell
3,0,0,9.202,0.0,0.0,9.202,3,326,statement_20200129,statement,2020-01-29,Powell
1,0,2,6.993,0.0,13.986,6.993,1,143,statement_20200303,statement,2020-03-03,Powell
9,0,1,12.676,0.0,1.408,12.676,9,710,statement_20200315,statement,2020-03-15,Powell
5,1,2,8.052,1.61,3.221,6.441,4,621,statement_20200323,statement,2020-03-23,Powell
3,0,0,10.563,0.0,0.0,10.563,3,284,statement_20200331,statement,2020-03-31,Powell
8,0,1,18.182,0.0,2.273,18.182,8,440,statement_20200429,statement,2020-04-29,Powell
8,0,1,18.059,0.0,2.257,18.059,8,443,statement_20200610,statement,2020-06-10,Powell
9,2,3,19.397,4.31,6.466,15.086,7,464,statement_20200729,statement,2020-07-29,Powell
4,0,4,6.135,0.0,6.135,6.135,4,652,statement_20200827,statement,2020-08-27,Powell
8,2,4,14.286,3.571,7.143,10.714,6,560,statement_20200916,statement,2020-09-16,Powell
7,2,4,14.644,4.184,8.368,10.46,5,478,statement_20201105,statement,2020-11-05,Powell
7,2,4,14.286,4.082,8.163,10.204,5,490,statement_20201216,statement,2020-12-16,Powell
6,2,4,12.072,4.024,8.048,8.048,4,497,statement_20210127,statement,2021-01-27,Powell
6,2,4,12.22,4.073,8.147,8.147,4,491,statement_20210317,statement,2021-03-17,Powell
6,2,4,12.295,4.098,8.197,8.197,4,488,statement_20210428,statement,2021-04-28,Powell
7,2,4,14.403,4.115,8.23,10.288,5,486,statement_20210616,statement,2021-06-16,Powell
6,2,4,12.0,4.0,8.0,8.0,4,500,statement_20210728,statement,2021-07-28,Powell
5,3,5,9.653,5.792,9.653,3.861,2,518,statement_20210922,statement,2021-09-22,Powell
8,2,4,12.821,3.205,6.41,9.615,6,624,statement_20211103,statement,2021-11-03,Powell
6,2,5,11.236,3.745,9.363,7.491,4,534,statement_20211215,statement,2021-12-15,Powell
5,2,5,11.287,4.515,11.287,6.772,3,443,statement_20220126,statement,2022-01-26,Powell
3,2,4,8.333,5.556,11.111,2.778,1,360,statement_20220316,statement,2022-03-16,Powell
3,4,7,7.595,10.127,17.722,-2.532,-1,395,statement_20220504,statement,2022-05-04,Powell
5,3,6,13.158,7.895,15.789,5.263,2,380,statement_20220615,statement,2022-06-15,Powell
5,2,5,15.291,6.116,15.291,9.174,3,327,statement_20220727,statement,2022-07-27,Powell
5,2,5,15.244,6.098,15.244,9.146,3,328,statement_20220921,statement,2022-09-21,Powell
6,2,5,15.113,5.038,12.594,10.076,4,397,statement_20221102,statement,2022-11-02,Powell
6,2,5,15.113,5.038,12.594,10.076,4,397,statement_20221214,statement,2022-12-14,Powell
6,2,6,16.901,5.634,16.901,11.268,4,355,statement_20230201,statement,2023-02-01,Powell
6,3,6,15.464,7.732,15.464,7.732,3,388,statement_20230322,statement,2023-03-22,Powell
6,5,7,16.949,14.124,19.774,2.825,1,354,statement_20230503,statement,2023-05-03,Powell
5,4,6,13.736,10.989,16.484,2.747,1,364,statement_20230614,statement,2023-06-14,Powell
6,4,6,16.854,11.236,16.854,5.618,2,356,statement_20230726,statement,2023-07-26,Powell
6,4,6,16.62,11.08,16.62,5.54,2,361,statement_20230920,statement,2023-09-20,Powell
6,4,6,16.349,10.899,16.349,5.45,2,367,statement_20231101,statement,2023-11-01,Powell
6,4,6,15.873,10.582,15.873,5.291,2,378,statement_20231213,statement,2023-12-13,Powell
6,3,7,16.854,8.427,19.663,8.427,3,356,statement_20240131,statement,2024-01-31,Powell
6,3,7,17.143,8.571,20.0,8.571,3,350,statement_20240320,statement,2024-03-20,Powell
9,5,9,21.176,11.765,21.176,9.412,4,425,statement_20240501,statement,2024-05-01,Powell
6,3,7,16.529,8.264,19.284,8.264,3,363,statement_20240612,statement,2024-06-12,Powell
6,4,8,15.789,10.526,21.053,5.263,2,380,statement_20240731,statement,2024-07-31,Powell
5,4,10,13.333,10.667,26.667,2.667,1,375,statement_20240918,statement,2024-09-18,Powell
5,4,9,14.749,11.799,26.549,2.95,1,339,statement_20241107,statement,2024-11-07,Powell
5,4,9,13.736,10.989,24.725,2.747,1,364,statement_20241218,statement,2024-12-18,Powell
5,4,9,15.198,12.158,27.356,3.04,1,329,statement_20250129,statement,2025-01-29,Powell
7,3,7,18.135,7.772,18.135,10.363,4,386,statement_20250319,statement,2025-03-19,Powell
5,5,10,14.493,14.493,28.986,0.0,0,345,statement_20250507,statement,2025-05-07,Powell
5,3,7,15.723,9.434,22.013,6.289,2,318,statement_20250618,statement,2025-06-18,Powell
5,3,7,14.409,8.646,20.173,5.764,2,347,statement_20250730,statement,2025-07-30,Powell
0,1,1,0.0,4.525,4.525,-4.525,-1,221,statement_20250822,statement,2025-08-22,Powell
5,3,9,14.045,8.427,25.281,5.618,2,356,statement_20250917,statement,2025-09-17,Powell
4,3,9,10.39,7.792,23.377,2.597,1,385,statement_20251029,statement,2025-10-29,Powell
5,3,9,12.285,7.371,22.113,4.914,2,407,statement_20251210,statement,2025-12-10,Powell
4,3,7,12.78,9.585,22.364,3.195,1,313,statement_20260128,statement,2026-01-28,Powell
4,4,8,12.195,12.195,24.39,0.0,0,328,statement_20260318,statement,2026-03-18,Powell
4,2,6,11.05,5.525,16.575,5.525,2,362,statement_20260429,statement,2026-04-29,Powell
16,69,152,1.412,6.089,13.413,-4.677,-53,11332,minutes_20100127,minutes,2010-01-27,Bernanke
7,40,91,1.051,6.008,13.668,-4.956,-33,6658,minutes_20100316,minutes,2010-03-16,Bernanke
7,38,97,0.985,5.348,13.652,-4.363,-31,7105,minutes_20100428,minutes,2010-04-28,Bernanke
10,93,154,1.255,11.669,19.322,-10.414,-83,7970,minutes_20100623,minutes,2010-06-23,Bernanke
14,53,117,2.074,7.852,17.333,-5.778,-39,6750,minutes_20100810,minutes,2010-08-10,Bernanke
9,36,72,1.476,5.906,11.811,-4.429,-27,6096,minutes_20100921,minutes,2010-09-21,Bernanke
15,42,93,2.11,5.909,13.084,-3.799,-27,7108,minutes_20101103,minutes,2010-11-03,Bernanke
16,44,97,2.376,6.534,14.405,-4.158,-28,6734,minutes_20101214,minutes,2010-12-14,Bernanke
12,67,137,1.145,6.391,13.069,-5.247,-55,10483,minutes_20110126,minutes,2011-01-26,Bernanke
13,54,110,1.906,7.918,16.129,-6.012,-41,6820,minutes_20110315,minutes,2011-03-15,Bernanke
15,58,116,1.921,7.426,14.853,-5.506,-43,7810,minutes_20110427,minutes,2011-04-27,Bernanke
20,66,138,2.654,8.758,18.312,-6.104,-46,7536,minutes_20110622,minutes,2011-06-22,Bernanke
10,52,110,1.493,7.766,16.428,-6.272,-42,6696,minutes_20110809,minutes,2011-08-09,Bernanke
13,51,131,1.534,6.019,15.461,-4.485,-38,8473,minutes_20110921,minutes,2011-09-21,Bernanke
12,61,141,1.549,7.876,18.205,-6.327,-49,7745,minutes_20111102,minutes,2011-11-02,Bernanke
12,55,122,1.564,7.167,15.898,-5.603,-43,7674,minutes_20111213,minutes,2011-12-13,Bernanke
10,66,137,0.938,6.194,12.857,-5.255,-56,10656,minutes_20120125,minutes,2012-01-25,Bernanke
8,39,96,1.264,6.161,15.166,-4.897,-31,6330,minutes_20120313,minutes,2012-03-13,Bernanke
8,60,135,1.14,8.548,19.234,-7.408,-52,7019,minutes_20120425,minutes,2012-04-25,Bernanke
8,77,167,1.005,9.67,20.972,-8.665,-69,7963,minutes_20120620,minutes,2012-06-20,Bernanke
8,52,121,1.121,7.289,16.961,-6.168,-44,7134,minutes_20120801,minutes,2012-08-01,Bernanke
12,64,144,1.603,8.547,19.231,-6.944,-52,7488,minutes_20120913,minutes,2012-09-13,Bernanke
12,39,86,1.742,5.663,12.487,-3.92,-27,6887,minutes_20121023,minutes,2012-10-23,Bernanke
12,40,89,1.828,6.093,13.557,-4.265,-28,6565,minutes_20121024,minutes,2012-10-24,Bernanke
16,56,125,2.12,7.421,16.565,-5.301,-40,7546,minutes_20121212,minutes,2012-12-12,Bernanke
24,69,147,2.198,6.318,13.46,-4.121,-45,10921,minutes_20130130,minutes,2013-01-30,Bernanke
15,71,164,2.085,9.868,22.794,-7.783,-56,7195,minutes_20130320,minutes,2013-03-20,Bernanke
16,63,119,2.339,9.211,17.398,-6.871,-47,6840,minutes_20130501,minutes,2013-05-01,Bernanke
20,72,160,2.463,8.866,19.702,-6.403,-52,8121,minutes_20130619,minutes,2013-06-19,Bernanke
17,71,138,2.384,9.957,19.352,-7.573,-54,7131,minutes_20130731,minutes,2013-07-31,Bernanke
19,66,159,2.318,8.052,19.397,-5.734,-47,8197,minutes_20130918,minutes,2013-09-18,Bernanke
17,83,151,2.239,10.934,19.892,-8.695,-66,7591,minutes_20131030,minutes,2013-10-30,Bernanke
19,69,153,2.17,7.879,17.472,-5.71,-50,8757,minutes_20131218,minutes,2013-12-18,Bernanke
31,72,152,2.602,6.043,12.757,-3.441,-41,11915,minutes_20140129,minutes,2014-01-29,Bernanke
17,58,136,2.057,7.018,16.457,-4.961,-41,8264,minutes_20140319,minutes,2014-03-19,Yellen
18,34,83,2.676,5.054,12.338,-2.378,-16,6727,minutes_20140430,minutes,2014-04-30,Yellen
21,73,159,2.461,8.554,18.631,-6.093,-52,8534,minutes_20140618,minutes,2014-06-18,Yellen
18,67,152,2.258,8.404,19.067,-6.147,-49,7972,minutes_20140730,minutes,2014-07-30,Yellen
37,74,151,4.077,8.153,16.637,-4.077,-37,9076,minutes_20140917,minutes,2014-09-17,Yellen
13,79,162,1.57,9.54,19.563,-7.97,-66,8281,minutes_20141029,minutes,2014-10-29,Yellen
16,48,128,2.124,6.371,16.99,-4.247,-32,7534,minutes_20141217,minutes,2014-12-17,Yellen
30,122,246,2.092,8.509,17.157,-6.417,-92,14338,minutes_20150128,minutes,2015-01-28,Yellen
21,55,127,2.467,6.461,14.918,-3.994,-34,8513,minutes_20150318,minutes,2015-03-18,Yellen
15,48,126,1.978,6.331,16.618,-4.352,-33,7582,minutes_20150429,minutes,2015-04-29,Yellen
13,76,153,1.617,9.453,19.03,-7.836,-63,8040,minutes_20150617,minutes,2015-06-17,Yellen
21,64,136,2.495,7.604,16.158,-5.109,-43,8417,minutes_20150729,minutes,2015-07-29,Yellen
11,53,127,1.478,7.124,17.07,-5.645,-42,7440,minutes_20150917,minutes,2015-09-17,Yellen
17,59,125,2.109,7.319,15.507,-5.21,-42,8061,minutes_20151028,minutes,2015-10-28,Yellen
12,52,128,1.579,6.844,16.847,-5.265,-40,7598,minutes_20151216,minutes,2015-12-16,Yellen
25,91,233,1.842,6.706,17.17,-4.864,-66,13570,minutes_20160127,minutes,2016-01-27,Yellen
9,53,139,1.166,6.864,18.001,-5.698,-44,7722,minutes_20160316,minutes,2016-03-16,Yellen
11,73,179,1.185,7.864,19.283,-6.679,-62,9283,minutes_20160427,minutes,2016-04-27,Yellen
11,76,147,1.323,9.142,17.683,-7.819,-65,8313,minutes_20160615,minutes,2016-06-15,Yellen
12,71,182,1.165,6.893,17.668,-5.728,-59,10301,minutes_20160727,minutes,2016-07-27,Yellen
26,65,158,2.427,6.067,14.747,-3.64,-39,10714,minutes_20160921,minutes,2016-09-21,Yellen
13,60,139,1.409,6.502,15.063,-5.093,-47,9228,minutes_20161102,minutes,2016-11-02,Yellen
9,67,161,1.078,8.024,19.281,-6.946,-58,8350,minutes_20161214,minutes,2016-12-14,Yellen
26,80,186,2.101,6.463,15.027,-4.363,-54,12378,minutes_20170201,minutes,2017-02-01,Yellen
9,67,163,1.004,7.476,18.188,-6.472,-58,8962,minutes_20170315,minutes,2017-03-15,Yellen
11,72,149,1.291,8.45,17.486,-7.159,-61,8521,minutes_20170503,minutes,2017-05-03,Yellen
17,86,169,1.941,9.817,19.292,-7.877,-69,8760,minutes_20170614,minutes,2017-06-14,Yellen
9,66,136,1.203,8.819,18.172,-7.616,-57,7484,minutes_20170726,minutes,2017-07-26,Yellen
16,63,129,1.844,7.259,14.863,-5.415,-47,8679,minutes_20170920,minutes,2017-09-20,Yellen
11,53,113,1.457,7.019,14.965,-5.562,-42,7551,minutes_20171101,minutes,2017-11-01,Yellen
12,51,117,1.622,6.892,15.811,-5.27,-39,7400,minutes_20171213,minutes,2017-12-13,Yellen
28,77,173,2.301,6.327,14.215,-4.026,-49,12170,minutes_20180131,minutes,2018-01-31,Yellen
12,41,117,1.639,5.6,15.981,-3.961,-29,7321,minutes_20180321,minutes,2018-03-21,Powell
11,66,127,1.373,8.238,15.851,-6.865,-55,8012,minutes_20180502,minutes,2018-05-02,Powell
8,79,142,1.114,11.004,19.78,-9.89,-71,7179,minutes_20180613,minutes,2018-06-13,Powell
11,62,139,1.322,7.454,16.711,-6.131,-51,8318,minutes_20180801,minutes,2018-08-01,Powell
11,53,119,1.536,7.402,16.62,-5.866,-42,7160,minutes_20180926,minutes,2018-09-26,Powell
13,64,149,1.566,7.708,17.945,-6.142,-51,8303,minutes_20181108,minutes,2018-11-08,Powell
10,52,142,1.185,6.16,16.821,-4.975,-42,8442,minutes_20181219,minutes,2018-12-19,Powell
25,94,222,1.771,6.66,15.728,-4.888,-69,14115,minutes_20190130,minutes,2019-01-30,Powell
16,62,147,1.663,6.446,15.282,-4.782,-46,9619,minutes_20190320,minutes,2019-03-20,Powell
6,70,151,0.639,7.453,16.078,-6.814,-64,9392,minutes_20190501,minutes,2019-05-01,Powell
7,102,193,0.844,12.294,23.261,-11.45,-95,8297,minutes_20190619,minutes,2019-06-19,Powell
13,66,188,1.211,6.15,17.518,-4.939,-53,10732,minutes_20190731,minutes,2019-07-31,Powell
16,65,207,1.498,6.086,19.382,-4.588,-49,10680,minutes_20190918,minutes,2019-09-18,Powell
18,97,227,1.431,7.711,18.046,-6.28,-79,12579,minutes_20191030,minutes,2019-10-30,Powell
10,48,115,1.182,5.674,13.593,-4.492,-38,8460,minutes_20191211,minutes,2019-12-11,Powell
21,94,209,1.606,7.19,15.986,-5.584,-73,13074,minutes_20200129,minutes,2020-01-29,Powell
17,41,123,1.706,4.114,12.341,-2.408,-24,9967,minutes_20200315,minutes,2020-03-15,Powell
17,57,123,1.812,6.076,13.112,-4.264,-40,9381,minutes_20200429,minutes,2020-04-29,Powell
15,92,178,1.486,9.117,17.639,-7.631,-77,10091,minutes_20200610,minutes,2020-06-10,Powell
14,72,145,1.552,7.982,16.075,-6.43,-58,9020,minutes_20200729,minutes,2020-07-29,Powell
29,50,120,2.891,4.985,11.964,-2.094,-21,10030,minutes_20200916,minutes,2020-09-16,Powell
14,54,134,1.482,5.716,14.184,-4.234,-40,9447,minutes_20201105,minutes,2020-11-05,Powell
12,43,112,1.458,5.224,13.605,-3.766,-31,8232,minutes_20201216,minutes,2020-12-16,Powell
23,60,137,1.83,4.773,10.899,-2.944,-37,12570,minutes_20210127,minutes,2021-01-27,Powell
12,52,111,1.378,5.972,12.748,-4.594,-40,8707,minutes_20210317,minutes,2021-03-17,Powell
10,59,128,1.145,6.758,14.662,-5.613,-49,8730,minutes_20210428,minutes,2021-04-28,Powell
11,80,146,1.155,8.397,15.325,-7.243,-69,9527,minutes_20210616,minutes,2021-06-16,Powell
13,74,177,1.237,7.042,16.844,-5.805,-61,10508,minutes_20210728,minutes,2021-07-28,Powell
10,47,127,1.139,5.351,14.46,-4.213,-37,8783,minutes_20210922,minutes,2021-09-22,Powell
12,31,107,1.447,3.739,12.904,-2.291,-19,8292,minutes_20211103,minutes,2021-11-03,Powell
6,62,150,0.64,6.615,16.003,-5.975,-56,9373,minutes_20211215,minutes,2021-12-15,Powell
28,71,167,2.084,5.284,12.428,-3.2,-43,13437,minutes_20220126,minutes,2022-01-26,Powell
10,53,142,1.164,6.168,16.525,-5.004,-43,8593,minutes_20220316,minutes,2022-03-16,Powell
13,46,120,1.665,5.89,15.365,-4.225,-33,7810,minutes_20220504,minutes,2022-05-04,Powell
7,64,135,0.88,8.042,16.964,-7.163,-57,7958,minutes_20220615,minutes,2022-06-15,Powell
7,60,143,0.821,7.035,16.766,-6.214,-53,8529,minutes_20220727,minutes,2022-07-27,Powell
7,38,101,0.896,4.866,12.934,-3.97,-31,7809,minutes_20220921,minutes,2022-09-21,Powell
13,39,108,1.618,4.854,13.441,-3.236,-26,8035,minutes_20221102,minutes,2022-11-02,Powell
12,33,104,1.556,4.28,13.487,-2.723,-21,7711,minutes_20221214,minutes,2022-12-14,Powell
12,39,111,1.382,4.492,12.784,-3.11,-27,8683,minutes_20230201,minutes,2023-02-01,Powell
13,39,98,1.738,5.213,13.1,-3.475,-26,7481,minutes_20230322,minutes,2023-03-22,Powell
14,68,149,1.7,8.257,18.094,-6.557,-54,8235,minutes_20230503,minutes,2023-05-03,Powell
11,62,124,1.554,8.757,17.514,-7.203,-51,7080,minutes_20230614,minutes,2023-06-14,Powell
13,56,114,1.876,8.081,16.45,-6.205,-43,6930,minutes_20230726,minutes,2023-07-26,Powell
10,45,98,1.511,6.8,14.808,-5.289,-35,6618,minutes_20230920,minutes,2023-09-20,Powell
10,45,101,1.444,6.496,14.581,-5.053,-35,6927,minutes_20231101,minutes,2023-11-01,Powell
10,44,107,1.453,6.395,15.552,-4.942,-34,6880,minutes_20231213,minutes,2023-12-13,Powell
10,35,112,1.324,4.634,14.829,-3.31,-25,7553,minutes_20240131,minutes,2024-01-31,Powell
9,44,113,1.232,6.024,15.471,-4.792,-35,7304,minutes_20240320,minutes,2024-03-20,Powell
11,58,135,1.537,8.105,18.865,-6.568,-47,7156,minutes_20240501,minutes,2024-05-01,Powell
13,56,131,1.977,8.518,19.927,-6.541,-43,6574,minutes_20240612,minutes,2024-06-12,Powell
10,42,109,1.487,6.246,16.211,-4.759,-32,6724,minutes_20240731,minutes,2024-07-31,Powell
6,36,122,0.896,5.373,18.209,-4.478,-30,6700,minutes_20240918,minutes,2024-09-18,Powell
7,49,135,0.957,6.7,18.46,-5.743,-42,7313,minutes_20241107,minutes,2024-11-07,Powell
5,43,125,0.729,6.265,18.214,-5.537,-38,6863,minutes_20241218,minutes,2024-12-18,Powell
6,49,131,0.737,6.019,16.091,-5.282,-43,8141,minutes_20250129,minutes,2025-01-29,Powell
8,55,133,1.103,7.586,18.345,-6.483,-47,7250,minutes_20250319,minutes,2025-03-19,Powell
10,70,169,1.317,9.22,22.26,-7.903,-60,7592,minutes_20250507,minutes,2025-05-07,Powell
7,67,163,0.991,9.486,23.078,-8.495,-60,7063,minutes_20250618,minutes,2025-06-18,Powell
9,52,130,1.267,7.322,18.305,-6.055,-43,7102,minutes_20250730,minutes,2025-07-30,Powell
6,33,97,0.946,5.203,15.292,-4.257,-27,6343,minutes_20250917,minutes,2025-09-17,Powell
8,61,150,0.964,7.347,18.066,-6.383,-53,8303,minutes_20251029,minutes,2025-10-29,Powell
6,43,124,0.786,5.636,16.252,-4.849,-37,7630,minutes_20251210,minutes,2025-12-10,Powell
5,40,109,0.758,6.066,16.53,-5.308,-35,6594,minutes_20260128,minutes,2026-01-28,Powell
6,36,98,0.985,5.909,16.087,-4.924,-30,6092,minutes_20260318,minutes,2026-03-18,Powell
4,35,112,0.584,5.107,16.341,-4.523,-31,6854,minutes_20260429,minutes,2026-04-29,Powell
66,42,91,7.435,4.731,10.251,2.704,24,8877,transcript_20110427,press_conf_transcript,2011-04-27,Bernanke
34,56,118,4.552,7.497,15.797,-2.945,-22,7470,transcript_20110622,press_conf_transcript,2011-06-22,Bernanke
46,38,78,6.121,5.057,10.379,1.065,8,7515,transcript_20111102,press_conf_transcript,2011-11-02,Bernanke
60,65,120,5.871,6.361,11.743,-0.489,-5,10219,transcript_20120125,press_conf_transcript,2012-01-25,Bernanke
34,51,112,4.367,6.551,14.387,-2.184,-17,7785,transcript_20120425,press_conf_transcript,2012-04-25,Bernanke
24,50,82,3.249,6.769,11.101,-3.52,-26,7387,transcript_20120620,press_conf_transcript,2012-06-20,Bernanke
73,51,97,8.423,5.884,11.192,2.538,22,8667,transcript_20120913,press_conf_transcript,2012-09-13,Bernanke
86,87,172,7.243,7.327,14.485,-0.084,-1,11874,transcript_20121212,press_conf_transcript,2012-12-12,Bernanke
46,65,122,5.026,7.102,13.33,-2.076,-19,9152,transcript_20130320,press_conf_transcript,2013-03-20,Bernanke
47,54,115,4.89,5.618,11.964,-0.728,-7,9612,transcript_20130619,press_conf_transcript,2013-06-19,Bernanke
61,51,96,6.664,5.572,10.488,1.093,10,9153,transcript_20130918,press_conf_transcript,2013-09-18,Bernanke
67,71,118,6.235,6.607,10.981,-0.372,-4,10746,transcript_20131218,press_conf_transcript,2013-12-18,Bernanke
51,58,111,6.405,7.285,13.941,-0.879,-7,7962,transcript_20140319,press_conf_transcript,2014-03-19,Yellen
46,38,104,6.396,5.284,14.461,1.112,8,7192,transcript_20140618,press_conf_transcript,2014-06-18,Yellen
67,47,97,9.048,6.347,13.099,2.701,20,7405,transcript_20140917,press_conf_transcript,2014-09-17,Yellen
69,56,107,8.989,7.295,13.94,1.694,13,7676,transcript_20141217,press_conf_transcript,2014-12-17,Yellen
61,50,98,8.417,6.899,13.523,1.518,11,7247,transcript_20150318,press_conf_transcript,2015-03-18,Yellen
80,62,135,10.449,8.098,17.633,2.351,18,7656,transcript_20150617,press_conf_transcript,2015-06-17,Yellen
62,40,97,8.04,5.187,12.579,2.853,22,7711,transcript_20150917,press_conf_transcript,2015-09-17,Yellen
70,49,120,7.899,5.529,13.541,2.37,21,8862,transcript_20151216,press_conf_transcript,2015-12-16,Yellen
38,59,109,4.934,7.661,14.154,-2.727,-21,7701,transcript_20160316,press_conf_transcript,2016-03-16,Yellen
49,83,135,6.835,11.578,18.831,-4.743,-34,7169,transcript_20160615,press_conf_transcript,2016-06-15,Yellen
40,53,110,4.797,6.356,13.191,-1.559,-13,8339,transcript_20160921,press_conf_transcript,2016-09-21,Yellen
36,66,99,5.357,9.821,14.732,-4.464,-30,6720,transcript_20161214,press_conf_transcript,2016-12-14,Yellen
37,52,99,5.17,7.267,13.835,-2.096,-15,7156,transcript_20170315,press_conf_transcript,2017-03-15,Yellen
51,37,91,6.529,4.737,11.65,1.792,14,7811,transcript_20170614,press_conf_transcript,2017-06-14,Yellen
69,71,127,8.042,8.275,14.802,-0.233,-2,8580,transcript_20170920,press_conf_transcript,2017-09-20,Yellen
45,70,125,4.936,7.679,13.712,-2.742,-25,9116,transcript_20171213,press_conf_transcript,2017-12-13,Yellen
27,46,86,3.613,6.156,11.51,-2.543,-19,7472,transcript_20180321,press_conf_transcript,2018-03-21,Powell
56,41,96,6.04,4.422,10.355,1.618,15,9271,transcript_20180613,press_conf_transcript,2018-06-13,Powell
34,76,130,3.313,7.405,12.666,-4.092,-42,10264,transcript_20180926,press_conf_transcript,2018-09-26,Powell
53,47,97,7.009,6.215,12.827,0.793,6,7562,transcript_20181219,press_conf_transcript,2018-12-19,Powell
50,49,105,6.121,5.999,12.855,0.122,1,8168,transcript_20190130,press_conf_transcript,2019-01-30,Powell
45,38,85,5.8,4.898,10.955,0.902,7,7759,transcript_20190320,press_conf_transcript,2019-03-20,Powell
32,65,106,4.654,9.453,15.416,-4.799,-33,6876,transcript_20190501,press_conf_transcript,2019-05-01,Powell
35,42,108,4.67,5.604,14.41,-0.934,-7,7495,transcript_20190619,press_conf_transcript,2019-06-19,Powell
55,32,90,6.764,3.936,11.069,2.829,23,8131,transcript_20190731,press_conf_transcript,2019-07-31,Powell
50,42,116,5.521,4.638,12.809,0.883,8,9056,transcript_20190918,press_conf_transcript,2019-09-18,Powell
39,50,127,4.741,6.078,15.439,-1.337,-11,8226,transcript_20191030,press_conf_transcript,2019-10-30,Powell
52,45,101,5.532,4.787,10.745,0.745,7,9400,transcript_20191211,press_conf_transcript,2019-12-11,Powell
70,46,111,7.163,4.707,11.358,2.456,24,9773,transcript_20200129,press_conf_transcript,2020-01-29,Powell
39,8,15,15.997,3.281,6.153,12.715,31,2438,transcript_20200303,press_conf_transcript,2020-03-03,Powell
57,34,69,7.63,4.551,9.236,3.079,23,7471,transcript_20200315,press_conf_transcript,2020-03-15,Powell
81,56,98,9.688,6.698,11.721,2.99,25,8361,transcript_20200429,press_conf_transcript,2020-04-29,Powell
62,96,141,5.775,8.942,13.133,-3.167,-34,10736,transcript_20200610,press_conf_transcript,2020-06-10,Powell
72,64,91,6.944,6.173,8.777,0.772,8,10368,transcript_20200729,press_conf_transcript,2020-07-29,Powell
83,54,96,7.444,4.843,8.61,2.601,29,11150,transcript_20200916,press_conf_transcript,2020-09-16,Powell
52,50,102,6.003,5.772,11.774,0.231,2,8663,transcript_20201105,press_conf_transcript,2020-11-05,Powell
71,57,108,6.769,5.434,10.297,1.335,14,10489,transcript_20201216,press_conf_transcript,2020-12-16,Powell
63,38,69,6.5,3.921,7.119,2.579,25,9692,transcript_20210127,press_conf_transcript,2021-01-27,Powell
61,59,99,5.737,5.549,9.312,0.188,2,10632,transcript_20210317,press_conf_transcript,2021-03-17,Powell
79,40,81,7.715,3.906,7.91,3.809,39,10240,transcript_20210428,press_conf_transcript,2021-04-28,Powell
77,60,101,7.079,5.516,9.286,1.563,17,10877,transcript_20210616,press_conf_transcript,2021-06-16,Powell
72,71,107,7.153,7.053,10.63,0.099,1,10066,transcript_20210728,press_conf_transcript,2021-07-28,Powell
51,42,74,5.403,4.45,7.84,0.953,9,9439,transcript_20210922,press_conf_transcript,2021-09-22,Powell
80,51,98,8.013,5.108,9.816,2.905,29,9984,transcript_20211103,press_conf_transcript,2021-11-03,Powell
53,59,112,4.81,5.354,10.164,-0.545,-6,11019,transcript_20211215,press_conf_transcript,2021-12-15,Powell
75,53,103,7.59,5.363,10.423,2.226,22,9882,transcript_20220126,press_conf_transcript,2022-01-26,Powell
62,39,75,6.626,4.168,8.015,2.458,23,9357,transcript_20220316,press_conf_transcript,2022-03-16,Powell
53,66,91,6.323,7.874,10.857,-1.551,-13,8382,transcript_20220504,press_conf_transcript,2022-05-04,Powell
60,52,108,6.143,5.324,11.057,0.819,8,9768,transcript_20220615,press_conf_transcript,2022-06-15,Powell
51,62,120,5.057,6.148,11.899,-1.091,-11,10085,transcript_20220727,press_conf_transcript,2022-07-27,Powell
60,31,59,8.087,4.178,7.953,3.909,29,7419,transcript_20220921,press_conf_transcript,2022-09-21,Powell
56,37,69,6.907,4.563,8.51,2.343,19,8108,transcript_20221102,press_conf_transcript,2022-11-02,Powell
70,33,66,8.71,4.106,8.212,4.604,37,8037,transcript_20221214,press_conf_transcript,2022-12-14,Powell
85,35,88,10.539,4.34,10.911,6.2,50,8065,transcript_20230201,press_conf_transcript,2023-02-01,Powell
58,51,98,7.366,6.477,12.446,0.889,7,7874,transcript_20230322,press_conf_transcript,2023-03-22,Powell
50,80,121,5.514,8.822,13.344,-3.308,-30,9068,transcript_20230503,press_conf_transcript,2023-05-03,Powell
56,51,85,6.031,5.493,9.155,0.539,5,9285,transcript_20230614,press_conf_transcript,2023-06-14,Powell
45,58,100,4.681,6.033,10.403,-1.352,-13,9613,transcript_20230726,press_conf_transcript,2023-07-26,Powell
44,62,101,4.34,6.116,9.963,-1.775,-18,10138,transcript_20230920,press_conf_transcript,2023-09-20,Powell
49,54,116,5.163,5.69,12.222,-0.527,-5,9491,transcript_20231101,press_conf_transcript,2023-11-01,Powell
49,46,103,5.955,5.591,12.518,0.365,3,8228,transcript_20231213,press_conf_transcript,2023-12-13,Powell
46,53,113,4.753,5.476,11.675,-0.723,-7,9679,transcript_20240131,press_conf_transcript,2024-01-31,Powell
56,52,85,6.742,6.261,10.234,0.482,4,8306,transcript_20240320,press_conf_transcript,2024-03-20,Powell
60,68,119,6.736,7.634,13.36,-0.898,-8,8907,transcript_20240501,press_conf_transcript,2024-05-01,Powell
41,48,99,4.128,4.833,9.968,-0.705,-7,9932,transcript_20240612,press_conf_transcript,2024-06-12,Powell
48,40,99,5.37,4.475,11.075,0.895,8,8939,transcript_20240731,press_conf_transcript,2024-07-31,Powell
53,50,109,5.85,5.519,12.031,0.331,3,9060,transcript_20240918,press_conf_transcript,2024-09-18,Powell
37,31,79,4.727,3.961,10.093,0.767,6,7827,transcript_20241107,press_conf_transcript,2024-11-07,Powell
37,54,142,3.681,5.373,14.128,-1.691,-17,10051,transcript_20241218,press_conf_transcript,2024-12-18,Powell
45,54,129,4.81,5.772,13.789,-0.962,-9,9355,transcript_20250129,press_conf_transcript,2025-01-29,Powell
53,52,111,5.489,5.386,11.497,0.104,1,9655,transcript_20250319,press_conf_transcript,2025-03-19,Powell
52,90,142,5.778,10.001,15.78,-4.223,-38,8999,transcript_20250507,press_conf_transcript,2025-05-07,Powell
61,63,127,6.137,6.338,12.777,-0.201,-2,9940,transcript_20250618,press_conf_transcript,2025-06-18,Powell
37,50,106,4.415,5.966,12.648,-1.551,-13,8381,transcript_20250730,press_conf_transcript,2025-07-30,Powell
45,57,136,4.823,6.109,14.575,-1.286,-12,9331,transcript_20250917,press_conf_transcript,2025-09-17,Powell
63,65,141,6.377,6.58,14.273,-0.202,-2,9879,transcript_20251029,press_conf_transcript,2025-10-29,Powell
45,55,105,4.789,5.853,11.174,-1.064,-10,9397,transcript_20251210,press_conf_transcript,2025-12-10,Powell
33,60,112,4.013,7.297,13.62,-3.283,-27,8223,transcript_20260128,press_conf_transcript,2026-01-28,Powell
55,50,104,6.121,5.564,11.574,0.556,5,8986,transcript_20260318,press_conf_transcript,2026-03-18,Powell
74,42,80,7.184,4.078,7.767,3.107,32,10300,transcript_20260429,press_conf_transcript,2026-04-29,Powell
26,9,24,8.85,3.063,8.169,5.786,17,2938,speech_bernanke_20110203a,speech,2011-02-03,Bernanke
13,43,65,2.995,9.908,14.977,-6.912,-30,4340,speech_bernanke_20110210a,speech,2011-02-10,Bernanke
9,6,14,4.182,2.788,6.506,1.394,3,2152,speech_bernanke_20110218a,speech,2011-02-18,Bernanke
19,24,38,6.382,8.062,12.765,-1.68,-5,2977,speech_bernanke_20110302a,speech,2011-03-02,Bernanke
19,10,25,6.43,3.384,8.46,3.046,9,2955,speech_bernanke_20110323a,speech,2011-03-23,Bernanke
15,15,53,3.844,3.844,13.583,0.0,0,3902,speech_bernanke_20110404a,speech,2011-04-04,Bernanke
16,12,16,5.891,4.418,5.891,1.473,4,2716,speech_bernanke_20110429a,speech,2011-04-29,Bernanke
22,23,75,5.993,6.265,20.43,-0.272,-1,3671,speech_bernanke_20110505a,speech,2011-05-05,Bernanke
2,4,4,3.39,6.78,6.78,-3.39,-2,590,speech_bernanke_20110512a,speech,2011-05-12,Bernanke
13,20,40,3.252,5.003,10.005,-1.751,-7,3998,speech_bernanke_20110516a,speech,2011-05-16,Bernanke
16,30,49,3.626,6.8,11.106,-3.173,-14,4412,speech_bernanke_20110607a,speech,2011-06-07,Bernanke
10,18,37,4.742,8.535,17.544,-3.793,-8,2109,speech_bernanke_20110614a,speech,2011-06-14,Bernanke
37,19,38,10.218,5.247,10.494,4.971,18,3621,speech_bernanke_20110826a,speech,2011-08-26,Bernanke
10,10,29,3.597,3.597,10.432,0.0,0,2780,speech_bernanke_20110908a,speech,2011-09-08,Bernanke
2,0,9,3.466,0.0,15.598,3.466,2,577,speech_bernanke_20110915a,speech,2011-09-15,Bernanke
16,20,35,3.225,4.031,7.055,-0.806,-4,4961,speech_bernanke_20110928a,speech,2011-09-28,Bernanke
17,20,53,4.246,4.995,13.237,-0.749,-3,4004,speech_bernanke_20111018a,speech,2011-10-18,Bernanke
10,5,6,8.347,4.174,5.008,4.174,5,1198,speech_bernanke_20111109a,speech,2011-11-09,Bernanke
14,11,16,6.116,4.806,6.99,1.311,3,2289,speech_bernanke_20111110a,speech,2011-11-10,Bernanke
28,21,45,7.357,5.518,11.823,1.839,7,3806,speech_bernanke_20120216a,speech,2012-02-16,Bernanke
9,5,12,6.211,3.451,8.282,2.761,4,1449,speech_bernanke_20120314a,speech,2012-03-14,Bernanke
6,0,1,8.683,0.0,1.447,8.683,6,691,speech_bernanke_20120323a,speech,2012-03-23,Bernanke
24,47,70,4.991,9.773,14.556,-4.783,-23,4809,speech_bernanke_20120326a,speech,2012-03-26,Bernanke
14,15,54,3.75,4.018,14.466,-0.268,-1,3733,speech_bernanke_20120409a,speech,2012-04-09,Bernanke
14,15,64,2.799,2.999,12.797,-0.2,-1,5001,speech_bernanke_20120413a,speech,2012-04-13,Bernanke
12,20,47,3.736,6.227,14.633,-2.491,-8,3212,speech_bernanke_20120510a,speech,2012-05-10,Bernanke
3,3,3,2.708,2.708,2.708,0.0,0,1108,speech_bernanke_20120724a,speech,2012-07-24,Bernanke
7,15,26,4.021,8.616,14.934,-4.595,-8,1741,speech_bernanke_20120806a,speech,2012-08-06,Bernanke
8,4,6,6.515,3.257,4.886,3.257,4,1228,speech_bernanke_20120807a,speech,2012-08-07,Bernanke
18,49,105,2.552,6.946,14.885,-4.395,-31,7054,speech_bernanke_20120831a,speech,2012-08-31,Bernanke
35,23,32,7.883,5.18,7.207,2.703,12,4440,speech_bernanke_20121001a,speech,2012-10-01,Bernanke
6,6,18,3.382,3.382,10.147,0.0,0,1774,speech_bernanke_20121014a,speech,2012-10-14,Bernanke
24,15,26,6.13,3.831,6.641,2.299,9,3915,speech_bernanke_20121115a,speech,2012-11-15,Bernanke
29,46,81,5.886,9.336,16.44,-3.45,-17,4927,speech_bernanke_20121120a,speech,2012-11-20,Bernanke
27,41,111,4.99,7.577,20.514,-2.587,-14,5411,speech_bernanke_20130301a,speech,2013-03-01,Bernanke
3,14,27,1.174,5.479,10.568,-4.305,-11,2555,speech_bernanke_20130325a,speech,2013-03-25,Bernanke
15,13,58,3.544,3.072,13.705,0.473,2,4232,speech_bernanke_20130408a,speech,2013-04-08,Bernanke
12,12,16,3.309,3.309,4.413,0.0,0,3626,speech_bernanke_20130412a,speech,2013-04-12,Bernanke
12,15,72,2.722,3.402,16.33,-0.68,-3,4409,speech_bernanke_20130510a,speech,2013-05-10,Bernanke
24,18,32,8.667,6.501,11.557,2.167,6,2769,speech_bernanke_20130518a,speech,2013-05-18,Bernanke
23,9,18,12.541,4.907,9.815,7.634,14,1834,speech_bernanke_20130602a,speech,2013-06-02,Bernanke
13,24,50,1.928,3.559,7.415,-1.631,-11,6743,speech_bernanke_20130710a,speech,2013-07-10,Bernanke
12,3,6,10.417,2.604,5.208,7.812,9,1152,speech_bernanke_20131002a,speech,2013-10-02,Bernanke
1,0,4,0.72,0.0,2.88,0.72,1,1389,speech_bernanke_20131014a,speech,2013-10-14,Bernanke
7,7,22,2.819,2.819,8.86,0.0,0,2483,speech_bernanke_20131108a,speech,2013-11-08,Bernanke
7,4,4,5.645,3.226,3.226,2.419,3,1240,speech_bernanke_20131113a,speech,2013-11-13,Bernanke
5,2,5,8.696,3.478,8.696,5.217,3,575,speech_bernanke_20131114a,speech,2013-11-14,Bernanke
32,52,93,5.109,8.303,14.849,-3.193,-20,6263,speech_bernanke_20131119a,speech,2013-11-19,Bernanke
3,1,3,2.288,0.763,2.288,1.526,2,1311,speech_bernanke_20131216a,speech,2013-12-16,Bernanke
13,1,5,16.03,1.233,6.165,14.797,12,811,speech_bernanke_20131216b,speech,2013-12-16,Bernanke
24,34,78,3.313,4.694,10.768,-1.38,-10,7244,speech_bernanke_20140103a,speech,2014-01-03,Bernanke
11,2,7,14.512,2.639,9.235,11.873,9,758,speech_powell_20180213a,speech,2018-02-13,Powell
23,30,51,5.672,7.398,12.577,-1.726,-7,4055,speech_powell_20180406a,speech,2018-04-06,Powell
9,9,33,3.956,3.956,14.505,0.0,0,2275,speech_powell_20180508a,speech,2018-05-08,Powell
14,7,15,6.983,3.491,7.481,3.491,7,2005,speech_powell_20180525a,speech,2018-05-25,Powell
5,18,30,2.561,9.221,15.369,-6.66,-13,1952,speech_powell_20180620a,speech,2018-06-20,Powell
33,23,82,6.696,4.667,16.64,2.029,10,4928,speech_powell_20180824a,speech,2018-08-24,Powell
3,0,2,5.725,0.0,3.817,5.725,3,524,speech_powell_20180927a,speech,2018-09-27,Powell
20,33,93,4.477,7.388,20.819,-2.91,-13,4467,speech_powell_20181002a,speech,2018-10-02,Powell
22,29,76,5.266,6.941,18.191,-1.675,-7,4178,speech_powell_20181128a,speech,2018-11-28,Powell
3,3,5,2.947,2.947,4.912,0.0,0,1018,speech_powell_20181203a,speech,2018-12-03,Powell
9,3,4,6.642,2.214,2.952,4.428,6,1355,speech_powell_20181206a,speech,2018-12-06,Powell
4,2,3,4.246,2.123,3.185,2.123,2,942,speech_powell_20190206a,speech,2019-02-06,Powell
5,11,16,1.62,3.563,5.183,-1.944,-6,3087,speech_powell_20190212a,speech,2019-02-12,Powell
17,27,42,5.86,9.307,14.478,-3.447,-10,2901,speech_powell_20190228b,speech,2019-02-28,Powell
34,38,70,7.715,8.623,15.884,-0.908,-4,4407,speech_powell_20190308a,speech,2019-03-08,Powell
2,1,2,3.067,1.534,3.067,1.534,1,652,speech_powell_20190311a,speech,2019-03-11,Powell
4,6,9,4.944,7.417,11.125,-2.472,-2,809,speech_powell_20190509a,speech,2019-05-09,Powell
11,26,83,3.226,7.625,24.34,-4.399,-15,3410,speech_powell_20190520a,speech,2019-05-20,Powell
30,17,38,9.05,5.128,11.463,3.922,13,3315,speech_powell_20190604a,speech,2019-06-04,Powell
16,7,17,11.181,4.892,11.88,6.289,9,1431,speech_powell_20190625a,speech,2019-06-25,Powell
8,8,17,10.84,10.84,23.035,0.0,0,738,speech_powell_20190709a,speech,2019-07-09,Powell
14,6,17,5.807,2.489,7.051,3.318,8,2411,speech_powell_20190716a,speech,2019-07-16,Powell
26,16,62,6.425,3.954,15.32,2.471,10,4047,speech_powell_20190823a,speech,2019-08-23,Powell
4,7,10,4.667,8.168,11.669,-3.501,-3,857,speech_powell_20191004a,speech,2019-10-04,Powell
5,1,3,6.274,1.255,3.764,5.019,4,797,speech_powell_20191007a,speech,2019-10-07,Powell
33,24,62,7.981,5.804,14.994,2.177,9,4135,speech_powell_20191008a,speech,2019-10-08,Powell
4,6,9,5.626,8.439,12.658,-2.813,-2,711,speech_powell_20191009a,speech,2019-10-09,Powell
13,21,43,4.96,8.012,16.406,-3.052,-8,2621,speech_powell_20191125a,speech,2019-11-25,Powell
9,1,4,9.424,1.047,4.188,8.377,8,955,speech_powell_20200409a,speech,2020-04-09,Powell
12,15,20,8.027,10.033,13.378,-2.007,-3,1495,speech_powell_20200513a,speech,2020-05-13,Powell
3,2,7,5.545,3.697,12.939,1.848,1,541,speech_powell_20200521a,speech,2020-05-21,Powell
4,0,1,7.233,0.0,1.808,7.233,4,553,speech_powell_20200619a,speech,2020-06-19,Powell
33,19,51,6.248,3.597,9.655,2.651,14,5282,speech_powell_20200827a,speech,2020-08-27,Powell
15,16,28,6.742,7.191,12.584,-0.449,-1,2225,speech_powell_20201006a,speech,2020-10-06,Powell
23,16,23,7.558,5.258,7.558,2.3,7,3043,speech_powell_20210210a,speech,2021-02-10,Powell
10,2,5,10.977,2.195,5.488,8.782,8,911,speech_powell_20210318a,speech,2021-03-18,Powell
11,2,3,8.627,1.569,2.353,7.059,9,1275,speech_powell_20210503a,speech,2021-05-03,Powell
7,2,4,10.355,2.959,5.917,7.396,5,676,speech_powell_20210817a,speech,2021-08-17,Powell
23,17,43,6.093,4.503,11.391,1.589,6,3775,speech_powell_20210827a,speech,2021-08-27,Powell
1,3,7,2.299,6.897,16.092,-4.598,-2,435,speech_powell_20210924a,speech,2021-09-24,Powell
6,2,3,7.682,2.561,3.841,5.122,4,781,speech_powell_20211108a,speech,2021-11-08,Powell
8,3,3,7.346,2.755,2.755,4.591,5,1089,speech_powell_20211109a,speech,2021-11-09,Powell
8,1,1,15.355,1.919,1.919,13.436,7,521,speech_powell_20211129a,speech,2021-11-29,Powell
18,18,29,6.322,6.322,10.186,0.0,0,2847,speech_powell_20220321a,speech,2022-03-21,Powell
4,2,2,5.908,2.954,2.954,2.954,2,677,speech_powell_20220524a,speech,2022-05-24,Powell
5,5,6,5.118,5.118,6.141,0.0,0,977,speech_powell_20220617a,speech,2022-06-17,Powell
23,5,13,15.753,3.425,8.904,12.329,18,1460,speech_powell_20220826a,speech,2022-08-26,Powell
1,2,2,2.058,4.115,4.115,-2.058,-1,486,speech_powell_20220928a,speech,2022-09-28,Powell
30,21,44,9.331,6.532,13.686,2.799,9,3215,speech_powell_20221130a,speech,2022-11-30,Powell
5,4,12,3.968,3.175,9.524,0.794,1,1260,speech_powell_20230110a,speech,2023-01-10,Powell
17,15,24,9.913,8.746,13.994,1.166,2,1715,speech_powell_20230629a,speech,2023-06-29,Powell
22,19,42,7.988,6.899,15.251,1.089,3,2754,speech_powell_20230825a,speech,2023-08-25,Powell
4,4,5,5.175,5.175,6.468,0.0,0,773,speech_powell_20230928a,speech,2023-09-28,Powell
8,9,23,6.038,6.792,17.358,-0.755,-1,1325,speech_powell_20231019a,speech,2023-10-19,Powell
5,3,4,4.102,2.461,3.281,1.641,2,1219,speech_powell_20231025a,speech,2023-10-25,Powell
6,2,3,6.452,2.151,3.226,4.301,4,930,speech_powell_20231108a,speech,2023-11-08,Powell
17,14,27,7.45,6.135,11.832,1.315,3,2282,speech_powell_20231109a,speech,2023-11-09,Powell
12,3,13,7.38,1.845,7.995,5.535,9,1626,speech_powell_20231201a,speech,2023-12-01,Powell
16,6,14,10.811,4.054,9.459,6.757,10,1480,speech_powell_20240403a,speech,2024-04-03,Powell
21,14,23,11.419,7.613,12.507,3.806,7,1839,speech_powell_20240519a,speech,2024-05-19,Powell
14,12,39,3.727,3.195,10.383,0.532,2,3756,speech_powell_20240823a,speech,2024-08-23,Powell
3,1,1,5.254,1.751,1.751,3.503,2,571,speech_powell_20240926a,speech,2024-09-26,Powell
5,1,8,5.714,1.143,9.143,4.571,4,875,speech_powell_20240930a,speech,2024-09-30,Powell
5,4,12,5.171,4.137,12.41,1.034,1,967,speech_powell_20241114a,speech,2024-11-14,Powell
10,4,17,10.504,4.202,17.857,6.303,6,952,speech_powell_20250307a,speech,2025-03-07,Powell
12,7,17,13.029,7.6,18.458,5.429,5,921,speech_powell_20250404a,speech,2025-04-04,Powell
9,7,15,10.465,8.14,17.442,2.326,2,860,speech_powell_20250416a,speech,2025-04-16,Powell
14,12,44,4.952,4.245,15.564,0.707,2,2827,speech_powell_20250515a,speech,2025-05-15,Powell
10,8,22,5.872,4.698,12.918,1.174,2,1703,speech_powell_20250525a,speech,2025-05-25,Powell
8,2,16,6.056,1.514,12.112,4.542,6,1321,speech_powell_20250602a,speech,2025-06-02,Powell
4,1,3,8.421,2.105,6.316,6.316,3,475,speech_powell_20250722a,speech,2025-07-22,Powell
25,29,80,6.136,7.118,19.637,-0.982,-4,4074,speech_powell_20250822a,speech,2025-08-22,Powell
11,9,28,8.864,7.252,22.562,1.612,2,1241,speech_powell_20250923a,speech,2025-09-23,Powell
1,3,3,3.135,9.404,9.404,-6.27,-2,319,speech_powell_20251009a,speech,2025-10-09,Powell
21,28,60,4.931,6.574,14.088,-1.644,-7,4259,speech_powell_20251014a,speech,2025-10-14,Powell
2,8,8,2.481,9.926,9.926,-7.444,-6,806,speech_powell_20251201a,speech,2025-12-01,Powell
5,2,2,13.889,5.556,5.556,8.333,3,360,speech_powell_20260111a,speech,2026-01-11,Powell
2,3,3,4.04,6.061,6.061,-2.02,-1,495,speech_powell_20260321a,speech,2026-03-21,Powell
11,2,4,8.857,1.61,3.221,7.246,9,1242,speech_powell_20260531a,speech,2026-05-31,Powell
6,1,1,7.059,1.176,1.176,5.882,5,850,speech_yellen_20140305a,speech,2014-03-05,Yellen
2,1,2,3.509,1.754,3.509,1.754,1,570,speech_yellen_20140325a,speech,2014-03-25,Yellen
24,16,32,5.897,3.931,7.862,1.966,8,4070,speech_yellen_20140331a,speech,2014-03-31,Yellen
8,7,18,7.435,6.506,16.729,0.929,1,1076,speech_yellen_20140415a,speech,2014-04-15,Yellen
39,40,68,7.665,7.862,13.365,-0.197,-1,5088,speech_yellen_20140416a,speech,2014-04-16,Yellen
17,18,41,5.314,5.627,12.817,-0.313,-1,3199,speech_yellen_20140501a,speech,2014-05-01,Yellen
3,1,2,5.396,1.799,3.597,3.597,2,556,speech_yellen_20140515a,speech,2014-05-15,Yellen
7,2,7,7.299,2.086,7.299,5.214,5,959,speech_yellen_20140521a,speech,2014-05-21,Yellen
19,47,124,3.885,9.609,25.353,-5.725,-28,4891,speech_yellen_20140702a,speech,2014-07-02,Yellen
23,78,105,4.209,14.275,19.217,-10.066,-55,5464,speech_yellen_20140822a,speech,2014-08-22,Yellen
5,0,5,7.194,0.0,7.194,7.194,5,695,speech_yellen_20140918a,speech,2014-09-18,Yellen
16,30,52,2.453,4.6,7.973,-2.147,-14,6522,speech_yellen_20141017a,speech,2014-10-17,Yellen
5,6,11,5.056,6.067,11.122,-1.011,-1,989,speech_yellen_20141030a,speech,2014-10-30,Yellen
11,10,17,7.383,6.711,11.409,0.671,1,1490,speech_yellen_20141107a,speech,2014-11-07,Yellen
12,22,57,2.797,5.128,13.287,-2.331,-10,4290,speech_yellen_20150303a,speech,2015-03-03,Yellen
45,57,133,7.138,9.042,21.098,-1.904,-12,6304,speech_yellen_20150327a,speech,2015-03-27,Yellen
10,16,20,7.413,11.861,14.826,-4.448,-6,1349,speech_yellen_20150402a,speech,2015-04-02,Yellen
4,17,54,1.335,5.674,18.024,-4.339,-13,2996,speech_yellen_20150506a,speech,2015-05-06,Yellen
23,36,58,6.201,9.706,15.638,-3.505,-13,3709,speech_yellen_20150522a,speech,2015-05-22,Yellen
18,39,61,4.293,9.301,14.548,-5.008,-21,4193,speech_yellen_20150710a,speech,2015-07-10,Yellen
39,89,188,3.711,8.47,17.891,-4.758,-50,10508,speech_yellen_20150924a,speech,2015-09-24,Yellen
6,3,7,4.959,2.479,5.785,2.479,3,1210,speech_yellen_20150930a,speech,2015-09-30,Yellen
1,4,5,1.222,4.89,6.112,-3.667,-3,818,speech_yellen_20151020a,speech,2015-10-20,Yellen
5,3,3,8.065,4.839,4.839,3.226,2,620,speech_yellen_20151112a,speech,2015-11-12,Yellen
27,29,73,5.246,5.634,14.183,-0.389,-2,5147,speech_yellen_20151202a,speech,2015-12-02,Yellen
43,52,121,8.53,10.315,24.003,-1.785,-9,5041,speech_yellen_20160329a,speech,2016-03-29,Yellen
43,42,94,8.063,7.875,17.626,0.188,1,5333,speech_yellen_20160606a,speech,2016-06-06,Yellen
26,64,100,4.038,9.939,15.53,-5.902,-38,6439,speech_yellen_20160826a,speech,2016-08-26,Yellen
4,3,7,4.63,3.472,8.102,1.157,1,864,speech_yellen_20160929a,speech,2016-09-29,Yellen
9,55,94,1.443,8.817,15.069,-7.374,-46,6238,speech_yellen_20161014a,speech,2016-10-14,Yellen
16,9,16,7.407,4.167,7.407,3.241,7,2160,speech_yellen_20161219a,speech,2016-12-19,Yellen
3,5,7,2.566,4.277,5.988,-1.711,-2,1169,speech_yellen_20170112a,speech,2017-01-12,Yellen
24,23,35,7.851,7.524,11.449,0.327,1,3057,speech_yellen_20170118a,speech,2017-01-18,Yellen
26,31,90,4.019,4.791,13.91,-0.773,-5,6470,speech_yellen_20170119a,speech,2017-01-19,Yellen
31,22,68,6.824,4.843,14.968,1.981,9,4543,speech_yellen_20170303a,speech,2017-03-03,Yellen
19,9,12,12.386,5.867,7.823,6.519,10,1534,speech_yellen_20170323a,speech,2017-03-23,Yellen
7,13,16,1.765,3.279,4.035,-1.513,-6,3965,speech_yellen_20170328a,speech,2017-03-28,Yellen
7,38,53,1.03,5.59,7.796,-4.56,-31,6798,speech_yellen_20170505a,speech,2017-05-05,Yellen
16,46,123,2.371,6.816,18.225,-4.445,-30,6749,speech_yellen_20170825a,speech,2017-08-25,Yellen
31,92,178,3.627,10.765,20.828,-7.138,-61,8546,speech_yellen_20170926a,speech,2017-09-26,Yellen
2,0,2,3.205,0.0,3.205,3.205,2,624,speech_yellen_20171004a,speech,2017-10-04,Yellen
17,21,36,9.545,11.791,20.213,-2.246,-4,1781,speech_yellen_20171015a,speech,2017-10-15,Yellen
19,26,48,4.377,5.989,11.057,-1.613,-7,4341,speech_yellen_20171020a,speech,2017-10-20,Yellen
5,2,8,5.612,2.245,8.979,3.367,3,891,speech_yellen_20171107a,speech,2017-11-07,Yellen
