layer,series,spec,var,label,coef,se,p,stars,n,r2,adj_r2
min_committee,ALL,(1),const,const,15.2246,0.49104,0.0,***,99,0.00224,-0.00804
min_committee,ALL,(1),cfnai_ma3_lag2,CFNAI-MA3,-0.12768,0.08348,0.12614,,99,0.00224,-0.00804
min_committee,ALL,(2),const,const,14.31228,1.17127,0.0,***,99,0.0103,9e-05
min_committee,ALL,(2),vix_pre28,VIX,0.05131,0.04402,0.24376,,99,0.0103,9e-05
min_committee,ALL,(3),const,const,14.33553,1.17492,0.0,***,99,0.01174,-0.00884
min_committee,ALL,(3),cfnai_ma3_lag2,CFNAI-MA3,-0.10306,0.07275,0.15662,,99,0.01174,-0.00884
min_committee,ALL,(3),vix_pre28,VIX,0.04951,0.04438,0.26467,,99,0.01174,-0.00884
min_committee,ALL,(4),const,const,15.62642,1.17185,0.0,***,99,0.21395,0.1805
min_committee,ALL,(4),cfnai_ma3_lag2,CFNAI-MA3,0.31941,0.22234,0.15084,,99,0.21395,0.1805
min_committee,ALL,(4),vix_pre28,VIX,-0.0604,0.0573,0.29187,,99,0.21395,0.1805
min_committee,ALL,(4),unrate_gap_lag1,Unemp. gap,1.01027,0.35229,0.00413,***,99,0.21395,0.1805
min_committee,ALL,(4),corepce_gap_lag2,Core PCE gap,1.12817,0.3106,0.00028,***,99,0.21395,0.1805
min_committee,ALL,(5),const,const,14.39801,1.26605,0.0,***,99,0.17199,0.14584
min_committee,ALL,(5),cfnai_ma3_lag2,CFNAI-MA3,-0.36836,0.09401,9e-05,***,99,0.17199,0.14584
min_committee,ALL,(5),vix_pre28,VIX,-0.02211,0.04671,0.63599,,99,0.17199,0.14584
min_committee,ALL,(5),post_fw,post-2020-09,2.58922,0.74202,0.00048,***,99,0.17199,0.14584
min_committee,ALL,(6) excl-2020,const,const,14.42356,1.37696,0.0,***,91,0.00557,-0.01703
min_committee,ALL,(6) excl-2020,cfnai_ma3_lag2,CFNAI-MA3,-0.33296,1.46351,0.82003,,91,0.00557,-0.01703
min_committee,ALL,(6) excl-2020,vix_pre28,VIX,0.04777,0.06362,0.45272,,91,0.00557,-0.01703
min_committee,ALL,(7) Δ,const,const,0.01425,0.16536,0.93132,,98,0.02498,0.00446
min_committee,ALL,(7) Δ,d_cfnai,ΔCFNAI,-0.26742,0.07651,0.00047,***,98,0.02498,0.00446
min_committee,ALL,(7) Δ,d_vix,ΔVIX,0.07757,0.08617,0.36805,,98,0.02498,0.00446
min_committee,ALL,(8) Δ excl-2020,const,const,-0.06832,0.16375,0.67653,,90,0.01574,-0.00689
min_committee,ALL,(8) Δ excl-2020,d_cfnai,ΔCFNAI,-1.92214,1.45116,0.18532,,90,0.01574,-0.00689
min_committee,ALL,(8) Δ excl-2020,d_vix,ΔVIX,-0.00177,0.08744,0.98383,,90,0.01574,-0.00689
min_committee,could,(1),const,const,1.44914,0.18577,0.0,***,99,0.01099,0.00079
min_committee,could,(1),cfnai_ma3_lag2,CFNAI-MA3,0.10287,0.06227,0.09855,*,99,0.01099,0.00079
min_committee,could,(2),const,const,1.00767,0.58034,0.0825,*,99,0.01702,0.00689
min_committee,could,(2),vix_pre28,VIX,0.02401,0.03024,0.42715,,99,0.01702,0.00689
min_committee,could,(3),const,const,0.98154,0.55803,0.07859,*,99,0.03083,0.01064
min_committee,could,(3),cfnai_ma3_lag2,CFNAI-MA3,0.11582,0.06521,0.07573,*,99,0.03083,0.01064
min_committee,could,(3),vix_pre28,VIX,0.02604,0.02796,0.35179,,99,0.03083,0.01064
min_committee,could,(4),const,const,1.15378,0.37643,0.00218,***,99,0.24396,0.21179
min_committee,could,(4),cfnai_ma3_lag2,CFNAI-MA3,0.00983,0.08259,0.90523,,99,0.24396,0.21179
min_committee,could,(4),vix_pre28,VIX,0.00782,0.01863,0.67468,,99,0.24396,0.21179
min_committee,could,(4),unrate_gap_lag1,Unemp. gap,-0.09055,0.08269,0.27348,,99,0.24396,0.21179
min_committee,could,(4),corepce_gap_lag2,Core PCE gap,0.35244,0.09852,0.00035,***,99,0.24396,0.21179
min_committee,could,(5),const,const,1.01513,0.30674,0.00093,***,99,0.38053,0.36097
min_committee,could,(5),cfnai_ma3_lag2,CFNAI-MA3,-0.02683,0.07038,0.70307,,99,0.38053,0.36097
min_committee,could,(5),vix_pre28,VIX,-0.01247,0.01204,0.30041,,99,0.38053,0.36097
min_committee,could,(5),post_fw,post-2020-09,1.39215,0.21725,0.0,***,99,0.38053,0.36097
min_committee,could,(6) excl-2020,const,const,0.00357,0.39322,0.99276,,91,0.20566,0.18761
min_committee,could,(6) excl-2020,cfnai_ma3_lag2,CFNAI-MA3,-1.5871,0.46192,0.00059,***,91,0.20566,0.18761
min_committee,could,(6) excl-2020,vix_pre28,VIX,0.08582,0.01962,1e-05,***,91,0.20566,0.18761
min_committee,could,(7) Δ,const,const,0.02826,0.05216,0.58789,,98,0.00588,-0.01505
min_committee,could,(7) Δ,d_cfnai,ΔCFNAI,0.05291,0.02036,0.00934,***,98,0.00588,-0.01505
min_committee,could,(7) Δ,d_vix,ΔVIX,-0.01079,0.01938,0.57754,,98,0.00588,-0.01505
min_committee,could,(8) Δ excl-2020,const,const,0.05889,0.05912,0.31921,,90,0.02363,0.00118
min_committee,could,(8) Δ excl-2020,d_cfnai,ΔCFNAI,0.3109,0.65389,0.63446,,90,0.02363,0.00118
min_committee,could,(8) Δ excl-2020,d_vix,ΔVIX,-0.03819,0.02045,0.06187,*,90,0.02363,0.00118
min_committee,should,(1),const,const,1.27143,0.23849,0.0,***,99,0.00387,-0.0064
min_committee,should,(1),cfnai_ma3_lag2,CFNAI-MA3,0.08174,0.07055,0.24662,,99,0.00387,-0.0064
min_committee,should,(2),const,const,1.844,0.45774,6e-05,***,99,0.01708,0.00695
min_committee,should,(2),vix_pre28,VIX,-0.03221,0.02294,0.16021,,99,0.01708,0.00695
min_committee,should,(3),const,const,1.82905,0.45442,6e-05,***,99,0.01961,-0.00082
min_committee,should,(3),cfnai_ma3_lag2,CFNAI-MA3,0.0663,0.0557,0.23397,,99,0.01961,-0.00082
min_committee,should,(3),vix_pre28,VIX,-0.03105,0.02266,0.1706,,99,0.01961,-0.00082
min_committee,should,(4),const,const,1.90034,0.41994,1e-05,***,99,0.03066,-0.01059
min_committee,should,(4),cfnai_ma3_lag2,CFNAI-MA3,0.13873,0.13371,0.29948,,99,0.03066,-0.01059
min_committee,should,(4),vix_pre28,VIX,-0.03605,0.02207,0.10242,,99,0.03066,-0.01059
min_committee,should,(4),unrate_gap_lag1,Unemp. gap,0.12394,0.1586,0.43452,,99,0.03066,-0.01059
min_committee,should,(4),corepce_gap_lag2,Core PCE gap,0.00124,0.17297,0.99427,,99,0.03066,-0.01059
min_committee,should,(5),const,const,1.84227,0.44311,3e-05,***,99,0.04984,0.01983
min_committee,should,(5),cfnai_ma3_lag2,CFNAI-MA3,0.01014,0.07681,0.895,,99,0.04984,0.01983
min_committee,should,(5),vix_pre28,VIX,-0.04621,0.02123,0.02948,**,99,0.04984,0.01983
min_committee,should,(5),post_fw,post-2020-09,0.54809,0.486,0.25942,,99,0.04984,0.01983
min_committee,should,(6) excl-2020,const,const,1.28901,0.67436,0.05594,*,91,0.01223,-0.01022
min_committee,should,(6) excl-2020,cfnai_ma3_lag2,CFNAI-MA3,-0.70169,0.81789,0.39094,,91,0.01223,-0.01022
min_committee,should,(6) excl-2020,vix_pre28,VIX,0.00368,0.04195,0.93014,,91,0.01223,-0.01022
min_committee,should,(7) Δ,const,const,0.02801,0.08381,0.73819,,98,0.00352,-0.01746
min_committee,should,(7) Δ,d_cfnai,ΔCFNAI,0.05349,0.03563,0.13325,,98,0.00352,-0.01746
min_committee,should,(7) Δ,d_vix,ΔVIX,-0.00691,0.0224,0.75757,,98,0.00352,-0.01746
min_committee,should,(8) Δ excl-2020,const,const,0.01121,0.09132,0.9023,,90,0.03182,0.00956
min_committee,should,(8) Δ excl-2020,d_cfnai,ΔCFNAI,-1.21697,0.69715,0.08087,*,90,0.03182,0.00956
min_committee,should,(8) Δ excl-2020,d_vix,ΔVIX,0.00221,0.03715,0.95247,,90,0.03182,0.00956
min_committee,will,(1),const,const,0.59692,0.24146,0.01343,**,99,0.00185,-0.00844
min_committee,will,(1),cfnai_ma3_lag2,CFNAI-MA3,0.05377,0.05903,0.3624,,99,0.00185,-0.00844
min_committee,will,(2),const,const,0.84487,0.48848,0.0837,*,99,0.00358,-0.00669
min_committee,will,(2),vix_pre28,VIX,-0.01404,0.01848,0.44746,,99,0.00358,-0.00669
min_committee,will,(3),const,const,0.83422,0.4918,0.08984,*,99,0.00499,-0.01574
min_committee,will,(3),cfnai_ma3_lag2,CFNAI-MA3,0.04719,0.05892,0.42317,,99,0.00499,-0.01574
min_committee,will,(3),vix_pre28,VIX,-0.01321,0.01866,0.47876,,99,0.00499,-0.01574
min_committee,will,(4),const,const,1.13611,0.57426,0.04788,**,99,0.11158,0.07378
min_committee,will,(4),cfnai_ma3_lag2,CFNAI-MA3,0.03716,0.12711,0.77003,,99,0.11158,0.07378
min_committee,will,(4),vix_pre28,VIX,-0.0413,0.02983,0.16617,,99,0.11158,0.07378
min_committee,will,(4),unrate_gap_lag1,Unemp. gap,0.0852,0.10288,0.40755,,99,0.11158,0.07378
min_committee,will,(4),corepce_gap_lag2,Core PCE gap,0.39918,0.30151,0.18553,,99,0.11158,0.07378
min_committee,will,(5),const,const,0.84593,0.46161,0.06687,*,99,0.03111,0.00051
min_committee,will,(5),cfnai_ma3_lag2,CFNAI-MA3,-0.0025,0.0957,0.97917,,99,0.03111,0.00051
min_committee,will,(5),vix_pre28,VIX,-0.02663,0.02531,0.29285,,99,0.03111,0.00051
min_committee,will,(5),post_fw,post-2020-09,0.48497,0.59476,0.41484,,99,0.03111,0.00051
min_committee,will,(6) excl-2020,const,const,0.48982,0.45939,0.28631,,91,0.04667,0.025
min_committee,will,(6) excl-2020,cfnai_ma3_lag2,CFNAI-MA3,-1.32812,0.73856,0.07213,*,91,0.04667,0.025
min_committee,will,(6) excl-2020,vix_pre28,VIX,0.00637,0.02442,0.79408,,91,0.04667,0.025
min_committee,will,(7) Δ,const,const,0.00393,0.07921,0.96042,,98,0.08388,0.0646
min_committee,will,(7) Δ,d_cfnai,ΔCFNAI,0.17291,0.02981,0.0,***,98,0.08388,0.0646
min_committee,will,(7) Δ,d_vix,ΔVIX,-0.05765,0.02508,0.0215,**,98,0.08388,0.0646
min_committee,will,(8) Δ excl-2020,const,const,0.02167,0.08498,0.79873,,90,0.06289,0.04135
min_committee,will,(8) Δ excl-2020,d_cfnai,ΔCFNAI,0.0889,0.45712,0.84581,,90,0.06289,0.04135
min_committee,will,(8) Δ excl-2020,d_vix,ΔVIX,-0.07511,0.03407,0.02747,**,90,0.06289,0.04135
min_committee,would,(1),const,const,11.40039,0.51237,0.0,***,99,0.01718,0.00705
min_committee,would,(1),cfnai_ma3_lag2,CFNAI-MA3,-0.37626,0.24867,0.13026,,99,0.01718,0.00705
min_committee,would,(2),const,const,9.64979,1.70844,0.0,***,99,0.03389,0.02393
min_committee,would,(2),vix_pre28,VIX,0.09911,0.07605,0.19252,,99,0.03389,0.02393
min_committee,would,(3),const,const,9.72419,1.68441,0.0,***,99,0.04698,0.02712
min_committee,would,(3),cfnai_ma3_lag2,CFNAI-MA3,-0.32983,0.19582,0.09212,*,99,0.04698,0.02712
min_committee,would,(3),vix_pre28,VIX,0.09334,0.07305,0.20136,,99,0.04698,0.02712
min_committee,would,(4),const,const,10.37674,1.62636,0.0,***,99,0.13936,0.10274
min_committee,would,(4),cfnai_ma3_lag2,CFNAI-MA3,0.14288,0.26542,0.59037,,99,0.13936,0.10274
min_committee,would,(4),vix_pre28,VIX,0.04345,0.07377,0.55584,,99,0.13936,0.10274
min_committee,would,(4),unrate_gap_lag1,Unemp. gap,0.87038,0.3151,0.00574,***,99,0.13936,0.10274
min_committee,would,(4),corepce_gap_lag2,Core PCE gap,0.24801,0.37569,0.50916,,99,0.13936,0.10274
min_committee,would,(5),const,const,9.72635,1.68295,0.0,***,99,0.04714,0.01705
min_committee,would,(5),cfnai_ma3_lag2,CFNAI-MA3,-0.33896,0.21424,0.11361,,99,0.04714,0.01705
min_committee,would,(5),vix_pre28,VIX,0.09087,0.0651,0.16273,,99,0.04714,0.01705
min_committee,would,(5),post_fw,post-2020-09,0.08914,0.95156,0.92537,,99,0.04714,0.01705
min_committee,would,(6) excl-2020,const,const,11.795,1.85365,0.0,***,91,0.07581,0.05481
min_committee,would,(6) excl-2020,cfnai_ma3_lag2,CFNAI-MA3,3.68052,1.28101,0.00406,***,91,0.07581,0.05481
min_committee,would,(6) excl-2020,vix_pre28,VIX,-0.03037,0.09091,0.7383,,91,0.07581,0.05481
min_committee,would,(7) Δ,const,const,-0.04651,0.17734,0.79314,,98,0.10694,0.08814
min_committee,would,(7) Δ,d_cfnai,ΔCFNAI,-0.5541,0.0431,0.0,***,98,0.10694,0.08814
min_committee,would,(7) Δ,d_vix,ΔVIX,0.16131,0.05828,0.00564,***,98,0.10694,0.08814
min_committee,would,(8) Δ excl-2020,const,const,-0.16282,0.19314,0.39923,,90,0.02989,0.00759
min_committee,would,(8) Δ excl-2020,d_cfnai,ΔCFNAI,-1.30516,1.26874,0.30362,,90,0.02989,0.00759
min_committee,would,(8) Δ excl-2020,d_vix,ΔVIX,0.12352,0.07517,0.10032,,90,0.02989,0.00759
min_participants,ALL,(1),const,const,12.23738,0.36193,0.0,***,99,0.01738,0.00725
min_participants,ALL,(1),cfnai_ma3_lag2,CFNAI-MA3,-0.32941,0.17017,0.0529,*,99,0.01738,0.00725
min_participants,ALL,(2),const,const,10.04909,1.21747,0.0,***,99,0.06908,0.05949
min_participants,ALL,(2),vix_pre28,VIX,0.12319,0.06891,0.07384,*,99,0.06908,0.05949
min_participants,ALL,(3),const,const,10.11012,1.16373,0.0,***,99,0.0807,0.06155
min_participants,ALL,(3),cfnai_ma3_lag2,CFNAI-MA3,-0.27049,0.12059,0.0249,**,99,0.0807,0.06155
min_participants,ALL,(3),vix_pre28,VIX,0.11846,0.06452,0.06637,*,99,0.0807,0.06155
min_participants,ALL,(4),const,const,10.04356,1.25999,0.0,***,99,0.0828,0.04377
min_participants,ALL,(4),cfnai_ma3_lag2,CFNAI-MA3,-0.25605,0.23635,0.27864,,99,0.0828,0.04377
min_participants,ALL,(4),vix_pre28,VIX,0.12491,0.07584,0.09954,*,99,0.0828,0.04377
min_participants,ALL,(4),unrate_gap_lag1,Unemp. gap,-0.00182,0.29155,0.99502,,99,0.0828,0.04377
min_participants,ALL,(4),corepce_gap_lag2,Core PCE gap,-0.1032,0.29243,0.72414,,99,0.0828,0.04377
min_participants,ALL,(5),const,const,10.11199,1.17682,0.0,***,99,0.08087,0.05184
min_participants,ALL,(5),cfnai_ma3_lag2,CFNAI-MA3,-0.27843,0.15246,0.06781,*,99,0.08087,0.05184
min_participants,ALL,(5),vix_pre28,VIX,0.11631,0.07525,0.1222,,99,0.08087,0.05184
min_participants,ALL,(5),post_fw,post-2020-09,0.07755,0.7787,0.92067,,99,0.08087,0.05184
min_participants,ALL,(6) excl-2020,const,const,11.56944,1.10267,0.0,***,91,0.00308,-0.01958
min_participants,ALL,(6) excl-2020,cfnai_ma3_lag2,CFNAI-MA3,0.27223,1.0686,0.79892,,91,0.00308,-0.01958
min_participants,ALL,(6) excl-2020,vix_pre28,VIX,0.02411,0.05483,0.66012,,91,0.00308,-0.01958
min_participants,ALL,(7) Δ,const,const,0.06619,0.19434,0.73344,,98,0.03055,0.01015
min_participants,ALL,(7) Δ,d_cfnai,ΔCFNAI,0.40133,0.14314,0.00505,***,98,0.03055,0.01015
min_participants,ALL,(7) Δ,d_vix,ΔVIX,-0.04322,0.05417,0.42497,,98,0.03055,0.01015
min_participants,ALL,(8) Δ excl-2020,const,const,0.10943,0.18482,0.55378,,90,0.02639,0.00401
min_participants,ALL,(8) Δ excl-2020,d_cfnai,ΔCFNAI,2.18313,2.32415,0.34756,,90,0.02639,0.00401
min_participants,ALL,(8) Δ excl-2020,d_vix,ΔVIX,-0.08159,0.06245,0.19138,,90,0.02639,0.00401
min_participants,could,(1),const,const,3.95802,0.21933,0.0,***,99,0.003,-0.00728
min_participants,could,(1),cfnai_ma3_lag2,CFNAI-MA3,0.08262,0.09249,0.37167,,99,0.003,-0.00728
min_participants,could,(2),const,const,3.08449,0.59646,0.0,***,99,0.02888,0.01887
min_participants,could,(2),vix_pre28,VIX,0.04811,0.03672,0.19012,,99,0.02888,0.01887
min_participants,could,(3),const,const,3.06025,0.61618,0.0,***,99,0.03391,0.01378
min_participants,could,(3),cfnai_ma3_lag2,CFNAI-MA3,0.10749,0.08583,0.21044,,99,0.03391,0.01378
min_participants,could,(3),vix_pre28,VIX,0.04999,0.03818,0.19035,,99,0.03391,0.01378
min_participants,could,(4),const,const,2.90337,0.60323,0.0,***,99,0.04967,0.00923
min_participants,could,(4),cfnai_ma3_lag2,CFNAI-MA3,0.09955,0.13827,0.47157,,99,0.04967,0.00923
min_participants,could,(4),vix_pre28,VIX,0.0643,0.03645,0.07774,*,99,0.04967,0.00923
min_participants,could,(4),unrate_gap_lag1,Unemp. gap,-0.06254,0.14606,0.66852,,99,0.04967,0.00923
min_participants,could,(4),corepce_gap_lag2,Core PCE gap,-0.19108,0.18199,0.29374,,99,0.04967,0.00923
min_participants,could,(5),const,const,3.07513,0.63476,0.0,***,99,0.06292,0.03333
min_participants,could,(5),cfnai_ma3_lag2,CFNAI-MA3,0.04429,0.09197,0.63015,,99,0.06292,0.03333
min_participants,could,(5),vix_pre28,VIX,0.03293,0.03895,0.39779,,99,0.06292,0.03333
min_participants,could,(5),post_fw,post-2020-09,0.6168,0.39177,0.1154,,99,0.06292,0.03333
min_participants,could,(6) excl-2020,const,const,3.11157,0.94813,0.00103,***,91,0.02971,0.00765
min_participants,could,(6) excl-2020,cfnai_ma3_lag2,CFNAI-MA3,-1.05072,0.82539,0.20302,,91,0.02971,0.00765
min_participants,could,(6) excl-2020,vix_pre28,VIX,0.04264,0.06182,0.49037,,91,0.02971,0.00765
min_participants,could,(7) Δ,const,const,0.0553,0.09959,0.57867,,98,0.0748,0.05532
min_participants,could,(7) Δ,d_cfnai,ΔCFNAI,0.32778,0.04057,0.0,***,98,0.0748,0.05532
min_participants,could,(7) Δ,d_vix,ΔVIX,0.06635,0.05587,0.23502,,98,0.0748,0.05532
min_participants,could,(8) Δ excl-2020,const,const,0.09334,0.11014,0.39672,,90,0.07017,0.04879
min_participants,could,(8) Δ excl-2020,d_cfnai,ΔCFNAI,1.25085,1.30371,0.33733,,90,0.07017,0.04879
min_participants,could,(8) Δ excl-2020,d_vix,ΔVIX,0.12347,0.06579,0.06054,*,90,0.07017,0.04879
min_participants,may,(1),const,const,0.71168,0.08681,0.0,***,99,5e-05,-0.01026
min_participants,may,(1),cfnai_ma3_lag2,CFNAI-MA3,0.0046,0.03788,0.90345,,99,5e-05,-0.01026
min_participants,may,(2),const,const,0.79449,0.35097,0.02359,**,99,0.00137,-0.00892
min_participants,may,(2),vix_pre28,VIX,-0.00462,0.01827,0.80027,,99,0.00137,-0.00892
min_participants,may,(3),const,const,0.79397,0.3564,0.0259,**,99,0.00138,-0.01942
min_participants,may,(3),cfnai_ma3_lag2,CFNAI-MA3,0.00232,0.04084,0.95478,,99,0.00138,-0.01942
min_participants,may,(3),vix_pre28,VIX,-0.00458,0.01876,0.80704,,99,0.00138,-0.01942
min_participants,may,(4),const,const,0.71957,0.36649,0.0496,**,99,0.06773,0.02806
min_participants,may,(4),cfnai_ma3_lag2,CFNAI-MA3,-0.08522,0.03262,0.00898,***,99,0.06773,0.02806
min_participants,may,(4),vix_pre28,VIX,0.00037,0.02084,0.98586,,99,0.06773,0.02806
min_participants,may,(4),unrate_gap_lag1,Unemp. gap,-0.14593,0.0481,0.00241,***,99,0.06773,0.02806
min_participants,may,(4),corepce_gap_lag2,Core PCE gap,0.01356,0.07699,0.86022,,99,0.06773,0.02806
min_participants,may,(5),const,const,0.7978,0.37098,0.03151,**,99,0.01127,-0.01995
min_participants,may,(5),cfnai_ma3_lag2,CFNAI-MA3,-0.01395,0.05234,0.78986,,99,0.01127,-0.01995
min_participants,may,(5),vix_pre28,VIX,-0.00897,0.02329,0.7,,99,0.01127,-0.01995
min_participants,may,(5),post_fw,post-2020-09,0.15873,0.21494,0.46021,,99,0.01127,-0.01995
min_participants,may,(6) excl-2020,const,const,1.05148,0.3468,0.00243,***,91,0.01608,-0.00628
min_participants,may,(6) excl-2020,cfnai_ma3_lag2,CFNAI-MA3,-0.04903,0.3127,0.8754,,91,0.01608,-0.00628
min_participants,may,(6) excl-2020,vix_pre28,VIX,-0.01869,0.01727,0.27913,,91,0.01608,-0.00628
min_participants,may,(7) Δ,const,const,0.00484,0.04613,0.91649,,98,0.02198,0.00139
min_participants,may,(7) Δ,d_cfnai,ΔCFNAI,0.10079,0.05998,0.0929,*,98,0.02198,0.00139
min_participants,may,(7) Δ,d_vix,ΔVIX,0.00506,0.02727,0.85272,,98,0.02198,0.00139
min_participants,may,(8) Δ excl-2020,const,const,0.02474,0.04579,0.58906,,90,0.02099,-0.00151
min_participants,may,(8) Δ excl-2020,d_cfnai,ΔCFNAI,0.38804,0.4116,0.34579,,90,0.02099,-0.00151
min_participants,may,(8) Δ excl-2020,d_vix,ΔVIX,-0.03032,0.03396,0.37192,,90,0.02099,-0.00151
min_participants,should,(1),const,const,0.65093,0.07227,0.0,***,99,0.00591,-0.00434
min_participants,should,(1),cfnai_ma3_lag2,CFNAI-MA3,-0.04318,0.03671,0.23959,,99,0.00591,-0.00434
min_participants,should,(2),const,const,1.04664,0.22297,0.0,***,99,0.04271,0.03284
min_participants,should,(2),vix_pre28,VIX,-0.02177,0.0118,0.06519,*,99,0.04271,0.03284
min_participants,should,(3),const,const,1.05893,0.21432,0.0,***,99,0.05204,0.03229
min_participants,should,(3),cfnai_ma3_lag2,CFNAI-MA3,-0.05448,0.03165,0.08525,*,99,0.05204,0.03229
min_participants,should,(3),vix_pre28,VIX,-0.02272,0.0111,0.0407,**,99,0.05204,0.03229
min_participants,should,(4),const,const,1.03641,0.2246,0.0,***,99,0.06145,0.02152
min_participants,should,(4),cfnai_ma3_lag2,CFNAI-MA3,-0.04262,0.05991,0.47679,,99,0.06145,0.02152
min_participants,should,(4),vix_pre28,VIX,-0.02038,0.01288,0.11363,,99,0.06145,0.02152
min_participants,should,(4),unrate_gap_lag1,Unemp. gap,0.00905,0.06494,0.88911,,99,0.06145,0.02152
min_participants,should,(4),corepce_gap_lag2,Core PCE gap,-0.04358,0.05769,0.45,,99,0.06145,0.02152
min_participants,should,(5),const,const,1.05293,0.18392,0.0,***,99,0.08615,0.05729
min_participants,should,(5),cfnai_ma3_lag2,CFNAI-MA3,-0.02898,0.03439,0.39937,,99,0.08615,0.05729
min_participants,should,(5),vix_pre28,VIX,-0.01584,0.00955,0.09722,*,99,0.08615,0.05729
min_participants,should,(5),post_fw,post-2020-09,-0.24881,0.14058,0.07675,*,99,0.08615,0.05729
min_participants,should,(6) excl-2020,const,const,1.36346,0.19895,0.0,***,91,0.10026,0.07981
min_participants,should,(6) excl-2020,cfnai_ma3_lag2,CFNAI-MA3,0.46916,0.27962,0.09337,*,91,0.10026,0.07981
min_participants,should,(6) excl-2020,vix_pre28,VIX,-0.04044,0.00925,1e-05,***,91,0.10026,0.07981
min_participants,should,(7) Δ,const,const,-0.01762,0.04377,0.68732,,98,0.01272,-0.00806
min_participants,should,(7) Δ,d_cfnai,ΔCFNAI,-0.01121,0.05518,0.83908,,98,0.01272,-0.00806
min_participants,should,(7) Δ,d_vix,ΔVIX,-0.01871,0.02139,0.38167,,98,0.01272,-0.00806
min_participants,should,(8) Δ excl-2020,const,const,-0.00418,0.04311,0.92276,,90,0.09701,0.07625
min_participants,should,(8) Δ excl-2020,d_cfnai,ΔCFNAI,1.12367,0.43502,0.00979,***,90,0.09701,0.07625
min_participants,should,(8) Δ excl-2020,d_vix,ΔVIX,-0.04075,0.02819,0.14832,,90,0.09701,0.07625
min_participants,would,(1),const,const,6.7519,0.28635,0.0,***,99,0.03758,0.02766
min_participants,would,(1),cfnai_ma3_lag2,CFNAI-MA3,-0.36013,0.15539,0.02047,**,99,0.03758,0.02766
min_participants,would,(2),const,const,4.89237,0.79768,0.0,***,99,0.09096,0.08159
min_participants,would,(2),vix_pre28,VIX,0.10508,0.04558,0.02115,**,99,0.09096,0.08159
min_participants,would,(3),const,const,4.96244,0.75929,0.0,***,99,0.11866,0.1003
min_participants,would,(3),cfnai_ma3_lag2,CFNAI-MA3,-0.31057,0.1056,0.00327,***,99,0.11866,0.1003
min_participants,would,(3),vix_pre28,VIX,0.09965,0.04196,0.01756,**,99,0.11866,0.1003
min_participants,would,(4),const,const,5.136,0.86814,0.0,***,99,0.12787,0.09076
min_participants,would,(4),cfnai_ma3_lag2,CFNAI-MA3,-0.22124,0.15922,0.16468,,99,0.12787,0.09076
min_participants,would,(4),vix_pre28,VIX,0.08558,0.05249,0.10304,,99,0.12787,0.09076
min_participants,would,(4),unrate_gap_lag1,Unemp. gap,0.18098,0.22313,0.41732,,99,0.12787,0.09076
min_participants,would,(4),corepce_gap_lag2,Core PCE gap,0.11123,0.21043,0.5971,,99,0.12787,0.09076
min_participants,would,(5),const,const,4.95397,0.72831,0.0,***,99,0.12486,0.09723
min_participants,would,(5),cfnai_ma3_lag2,CFNAI-MA3,-0.27461,0.11445,0.01642,**,99,0.12486,0.09723
min_participants,would,(5),vix_pre28,VIX,0.10935,0.04077,0.00732,***,99,0.12486,0.09723
min_participants,would,(5),post_fw,post-2020-09,-0.35089,0.48695,0.47117,,99,0.12486,0.09723
min_participants,would,(6) excl-2020,const,const,5.82297,1.07697,0.0,***,91,0.02632,0.00419
min_participants,would,(6) excl-2020,cfnai_ma3_lag2,CFNAI-MA3,0.78202,0.6662,0.24045,,91,0.02632,0.00419
min_participants,would,(6) excl-2020,vix_pre28,VIX,0.04306,0.06382,0.49986,,91,0.02632,0.00419
min_participants,would,(7) Δ,const,const,0.02322,0.14188,0.86998,,98,0.03281,0.01245
min_participants,would,(7) Δ,d_cfnai,ΔCFNAI,0.0042,0.07873,0.95745,,98,0.03281,0.01245
min_participants,would,(7) Δ,d_vix,ΔVIX,-0.0888,0.0633,0.16067,,98,0.03281,0.01245
min_participants,would,(8) Δ excl-2020,const,const,-0.00294,0.12721,0.98153,,90,0.05086,0.02904
min_participants,would,(8) Δ excl-2020,d_cfnai,ΔCFNAI,-0.49486,1.51158,0.74338,,90,0.05086,0.02904
min_participants,would,(8) Δ excl-2020,d_vix,ΔVIX,-0.12557,0.06405,0.04996,**,90,0.05086,0.02904
min_special,ALL,(1),const,const,19.37402,1.45267,0.0,***,40,0.00944,-0.01662
min_special,ALL,(1),cfnai_ma3_lag2,CFNAI-MA3,0.40318,0.16605,0.01518,**,40,0.00944,-0.01662
min_special,ALL,(2),const,const,21.30258,3.95968,0.0,***,40,0.00895,-0.01713
min_special,ALL,(2),vix_pre28,VIX,-0.11191,0.21262,0.59867,,40,0.00895,-0.01713
min_special,ALL,(3),const,const,20.90973,4.22658,0.0,***,40,0.01413,-0.03916
min_special,ALL,(3),cfnai_ma3_lag2,CFNAI-MA3,0.31321,0.33661,0.35212,,40,0.01413,-0.03916
min_special,ALL,(3),vix_pre28,VIX,-0.08496,0.2383,0.72147,,40,0.01413,-0.03916
min_special,ALL,(4),const,const,22.67249,5.1037,1e-05,***,40,0.12151,0.02111
min_special,ALL,(4),cfnai_ma3_lag2,CFNAI-MA3,2.21778,0.60869,0.00027,***,40,0.12151,0.02111
min_special,ALL,(4),vix_pre28,VIX,-0.17351,0.30211,0.56574,,40,0.12151,0.02111
min_special,ALL,(4),unrate_gap_lag1,Unemp. gap,1.79799,0.8117,0.02675,**,40,0.12151,0.02111
min_special,ALL,(4),corepce_gap_lag2,Core PCE gap,-0.87481,1.10025,0.42656,,40,0.12151,0.02111
min_special,ALL,(5),const,const,19.91954,4.17056,0.0,***,40,0.05095,-0.02813
min_special,ALL,(5),cfnai_ma3_lag2,CFNAI-MA3,0.66136,0.43705,0.13022,,40,0.05095,-0.02813
min_special,ALL,(5),vix_pre28,VIX,0.03382,0.2405,0.88818,,40,0.05095,-0.02813
min_special,ALL,(5),post_fw,post-2020-09,-2.88836,3.12314,0.35506,,40,0.05095,-0.02813
min_special,ALL,(6) excl-2020,const,const,22.18053,5.67692,9e-05,***,36,0.03092,-0.02782
min_special,ALL,(6) excl-2020,cfnai_ma3_lag2,CFNAI-MA3,3.99444,3.66046,0.27517,,36,0.03092,-0.02782
min_special,ALL,(6) excl-2020,vix_pre28,VIX,-0.17372,0.3413,0.61076,,36,0.03092,-0.02782
min_special,ALL,(7) Δ,const,const,-0.15255,0.61508,0.80412,,39,0.05324,0.00064
min_special,ALL,(7) Δ,d_cfnai,ΔCFNAI,0.94284,0.30196,0.00179,***,39,0.05324,0.00064
min_special,ALL,(7) Δ,d_vix,ΔVIX,0.04053,0.15373,0.79205,,39,0.05324,0.00064
min_special,ALL,(8) Δ excl-2020,const,const,-0.81076,0.67186,0.22753,,35,0.07876,0.02119
min_special,ALL,(8) Δ excl-2020,d_cfnai,ΔCFNAI,-5.08322,0.93206,0.0,***,35,0.07876,0.02119
min_special,ALL,(8) Δ excl-2020,d_vix,ΔVIX,0.22425,0.1248,0.07237,*,35,0.07876,0.02119
min_special,could,(1),const,const,5.91297,1.02108,0.0,***,40,0.01631,-0.00958
min_special,could,(1),cfnai_ma3_lag2,CFNAI-MA3,-0.40108,0.1317,0.00232,***,40,0.01631,-0.00958
min_special,could,(2),const,const,2.3672,2.15471,0.27193,,40,0.04973,0.02472
min_special,could,(2),vix_pre28,VIX,0.19963,0.11531,0.0834,*,40,0.04973,0.02472
min_special,could,(3),const,const,2.62897,2.36785,0.26688,,40,0.05374,0.00259
min_special,could,(3),cfnai_ma3_lag2,CFNAI-MA3,-0.20869,0.2074,0.31431,,40,0.05374,0.00259
min_special,could,(3),vix_pre28,VIX,0.18167,0.13133,0.16657,,40,0.05374,0.00259
min_special,could,(4),const,const,1.77881,3.52388,0.61371,,40,0.12889,0.02933
min_special,could,(4),cfnai_ma3_lag2,CFNAI-MA3,0.44551,0.76173,0.55864,,40,0.12889,0.02933
min_special,could,(4),vix_pre28,VIX,0.24616,0.18489,0.18306,,40,0.12889,0.02933
min_special,could,(4),unrate_gap_lag1,Unemp. gap,0.29961,0.94193,0.75042,,40,0.12889,0.02933
min_special,could,(4),corepce_gap_lag2,Core PCE gap,-1.36177,0.63813,0.03284,**,40,0.12889,0.02933
min_special,could,(5),const,const,1.80078,2.52623,0.47595,,40,0.0987,0.02359
min_special,could,(5),cfnai_ma3_lag2,CFNAI-MA3,0.08249,0.24021,0.73128,,40,0.0987,0.02359
min_special,could,(5),vix_pre28,VIX,0.28101,0.13329,0.035,**,40,0.0987,0.02359
min_special,could,(5),post_fw,post-2020-09,-2.4158,2.40227,0.31459,,40,0.0987,0.02359
min_special,could,(6) excl-2020,const,const,1.80605,2.97039,0.54318,,36,0.05446,-0.00285
min_special,could,(6) excl-2020,cfnai_ma3_lag2,CFNAI-MA3,1.08691,1.93513,0.57434,,36,0.05446,-0.00285
min_special,could,(6) excl-2020,vix_pre28,VIX,0.21028,0.18804,0.26345,,36,0.05446,-0.00285
min_special,could,(7) Δ,const,const,0.059,0.4936,0.90485,,39,0.02445,-0.02975
min_special,could,(7) Δ,d_cfnai,ΔCFNAI,0.3058,0.57748,0.59643,,39,0.02445,-0.02975
min_special,could,(7) Δ,d_vix,ΔVIX,0.13613,0.22446,0.5442,,39,0.02445,-0.02975
min_special,could,(8) Δ excl-2020,const,const,-0.47738,0.57482,0.40626,,35,0.2945,0.25041
min_special,could,(8) Δ excl-2020,d_cfnai,ΔCFNAI,-7.94581,1.57027,0.0,***,35,0.2945,0.25041
min_special,could,(8) Δ excl-2020,d_vix,ΔVIX,0.44237,0.10711,4e-05,***,35,0.2945,0.25041
min_special,should,(1),const,const,1.58518,0.27854,0.0,***,40,0.0292,0.00366
min_special,should,(1),cfnai_ma3_lag2,CFNAI-MA3,0.20261,0.04221,0.0,***,40,0.0292,0.00366
min_special,should,(2),const,const,0.68834,1.32071,0.60223,,40,0.01775,-0.0081
min_special,should,(2),vix_pre28,VIX,0.04503,0.06327,0.47666,,40,0.01775,-0.0081
min_special,should,(3),const,const,0.34294,1.26979,0.7871,,40,0.06679,0.01634
min_special,should,(3),cfnai_ma3_lag2,CFNAI-MA3,0.27538,0.05787,0.0,***,40,0.06679,0.01634
min_special,should,(3),vix_pre28,VIX,0.06872,0.05886,0.24302,,40,0.06679,0.01634
min_special,should,(4),const,const,0.71228,1.45634,0.62478,,40,0.08838,-0.0158
min_special,should,(4),cfnai_ma3_lag2,CFNAI-MA3,0.52741,0.19383,0.00651,***,40,0.08838,-0.0158
min_special,should,(4),vix_pre28,VIX,0.04813,0.07349,0.51249,,40,0.08838,-0.0158
min_special,should,(4),unrate_gap_lag1,Unemp. gap,0.26765,0.21551,0.21425,,40,0.08838,-0.0158
min_special,should,(4),corepce_gap_lag2,Core PCE gap,-0.01655,0.15509,0.91501,,40,0.08838,-0.0158
min_special,should,(5),const,const,0.28598,1.26224,0.82076,,40,0.06828,-0.00937
min_special,should,(5),cfnai_ma3_lag2,CFNAI-MA3,0.29541,0.09766,0.00249,***,40,0.06828,-0.00937
min_special,should,(5),vix_pre28,VIX,0.07555,0.0627,0.22822,,40,0.06828,-0.00937
min_special,should,(5),post_fw,post-2020-09,-0.16614,0.50297,0.74116,,40,0.06828,-0.00937
min_special,should,(6) excl-2020,const,const,-0.04005,1.53601,0.9792,,36,0.0665,0.00992
min_special,should,(6) excl-2020,cfnai_ma3_lag2,CFNAI-MA3,0.64165,0.78994,0.41663,,36,0.0665,0.00992
min_special,should,(6) excl-2020,vix_pre28,VIX,0.08899,0.07404,0.2294,,36,0.0665,0.00992
min_special,should,(7) Δ,const,const,0.0153,0.19083,0.93608,,39,0.07999,0.02888
min_special,should,(7) Δ,d_cfnai,ΔCFNAI,0.33823,0.12307,0.00599,***,39,0.07999,0.02888
min_special,should,(7) Δ,d_vix,ΔVIX,0.09103,0.07539,0.22726,,39,0.07999,0.02888
min_special,should,(8) Δ excl-2020,const,const,-0.06939,0.22063,0.75311,,35,0.09067,0.03384
min_special,should,(8) Δ excl-2020,d_cfnai,ΔCFNAI,-1.16961,1.11219,0.29297,,35,0.09067,0.03384
min_special,should,(8) Δ excl-2020,d_vix,ΔVIX,0.14519,0.07471,0.05197,*,35,0.09067,0.03384
min_special,will,(1),const,const,1.77637,0.61975,0.00415,***,40,0.0069,-0.01924
min_special,will,(1),cfnai_ma3_lag2,CFNAI-MA3,0.22034,0.1209,0.06837,*,40,0.0069,-0.01924
min_special,will,(2),const,const,5.53916,2.67354,0.03828,**,40,0.07575,0.05143
min_special,will,(2),vix_pre28,VIX,-0.20816,0.12082,0.08491,*,40,0.07575,0.05143
min_special,will,(3),const,const,5.53928,2.71603,0.0414,**,40,0.07575,0.02579
min_special,will,(3),cfnai_ma3_lag2,CFNAI-MA3,-0.0001,0.09049,0.99915,,40,0.07575,0.02579
min_special,will,(3),vix_pre28,VIX,-0.20817,0.12429,0.09396,*,40,0.07575,0.02579
min_special,will,(4),const,const,6.58989,3.51863,0.06109,*,40,0.1303,0.03091
min_special,will,(4),cfnai_ma3_lag2,CFNAI-MA3,0.89254,0.83129,0.28297,,40,0.1303,0.03091
min_special,will,(4),vix_pre28,VIX,-0.2643,0.17658,0.13444,,40,0.1303,0.03091
min_special,will,(4),unrate_gap_lag1,Unemp. gap,0.89171,0.89653,0.31992,,40,0.1303,0.03091
min_special,will,(4),corepce_gap_lag2,Core PCE gap,-0.24637,0.44033,0.57581,,40,0.1303,0.03091
min_special,will,(5),const,const,5.00864,2.58889,0.05303,*,40,0.10161,0.02675
min_special,will,(5),cfnai_ma3_lag2,CFNAI-MA3,0.18648,0.13669,0.17251,,40,0.10161,0.02675
min_special,will,(5),vix_pre28,VIX,-0.14452,0.11727,0.21782,,40,0.10161,0.02675
min_special,will,(5),post_fw,post-2020-09,-1.54788,0.74116,0.03676,**,40,0.10161,0.02675
min_special,will,(6) excl-2020,const,const,7.09892,3.59829,0.04851,**,36,0.10371,0.04939
min_special,will,(6) excl-2020,cfnai_ma3_lag2,CFNAI-MA3,2.60067,2.89617,0.3692,,36,0.10371,0.04939
min_special,will,(6) excl-2020,vix_pre28,VIX,-0.29363,0.17738,0.09786,*,36,0.10371,0.04939
min_special,will,(7) Δ,const,const,-0.44167,0.4108,0.28231,,39,0.05402,0.00147
min_special,will,(7) Δ,d_cfnai,ΔCFNAI,-0.03376,0.18024,0.85144,,39,0.05402,0.00147
min_special,will,(7) Δ,d_vix,ΔVIX,-0.20027,0.11709,0.0872,*,39,0.05402,0.00147
min_special,will,(8) Δ excl-2020,const,const,-0.48077,0.42232,0.25496,,35,0.08779,0.03078
min_special,will,(8) Δ excl-2020,d_cfnai,ΔCFNAI,2.30309,1.43766,0.10916,,35,0.08779,0.03078
min_special,will,(8) Δ excl-2020,d_vix,ΔVIX,-0.29794,0.15676,0.05735,*,35,0.08779,0.03078
min_special,would,(1),const,const,9.08565,0.83705,0.0,***,40,0.01692,-0.00895
min_special,would,(1),cfnai_ma3_lag2,CFNAI-MA3,0.43717,0.10738,5e-05,***,40,0.01692,-0.00895
min_special,would,(2),const,const,11.34435,3.00869,0.00016,***,40,0.01854,-0.00729
min_special,would,(2),vix_pre28,VIX,-0.13043,0.13695,0.3409,,40,0.01854,-0.00729
min_special,would,(3),const,const,10.93166,3.28648,0.00088,***,40,0.02725,-0.02533
min_special,would,(3),cfnai_ma3_lag2,CFNAI-MA3,0.32903,0.18808,0.08022,*,40,0.02725,-0.02533
min_special,would,(3),vix_pre28,VIX,-0.10212,0.15691,0.51515,,40,0.02725,-0.02533
min_special,would,(4),const,const,12.16983,3.7924,0.00133,***,40,0.04327,-0.06607
min_special,would,(4),cfnai_ma3_lag2,CFNAI-MA3,0.54311,0.58962,0.35699,,40,0.04327,-0.06607
min_special,would,(4),vix_pre28,VIX,-0.17989,0.19788,0.36332,,40,0.04327,-0.06607
min_special,would,(4),unrate_gap_lag1,Unemp. gap,0.42929,0.64968,0.50876,,40,0.04327,-0.06607
min_special,would,(4),corepce_gap_lag2,Core PCE gap,0.65994,0.64261,0.30444,,40,0.04327,-0.06607
min_special,would,(5),const,const,11.22092,3.37413,0.00088,***,40,0.03204,-0.04862
min_special,would,(5),cfnai_ma3_lag2,CFNAI-MA3,0.22732,0.32597,0.48557,,40,0.03204,-0.04862
min_special,would,(5),vix_pre28,VIX,-0.13682,0.18129,0.45043,,40,0.03204,-0.04862
min_special,would,(5),post_fw,post-2020-09,0.84376,1.95786,0.6665,,40,0.03204,-0.04862
min_special,would,(6) excl-2020,const,const,12.1173,3.5204,0.00058,***,36,0.02218,-0.03708
min_special,would,(6) excl-2020,cfnai_ma3_lag2,CFNAI-MA3,-0.22415,2.74717,0.93497,,36,0.02218,-0.03708
min_special,would,(6) excl-2020,vix_pre28,VIX,-0.16642,0.18006,0.35537,,36,0.02218,-0.03708
min_special,would,(7) Δ,const,const,0.18001,0.54051,0.73911,,39,0.0074,-0.04775
min_special,would,(7) Δ,d_cfnai,ΔCFNAI,0.28959,0.25988,0.26514,,39,0.0074,-0.04775
min_special,would,(7) Δ,d_vix,ΔVIX,0.06108,0.1496,0.68305,,39,0.0074,-0.04775
min_special,would,(8) Δ excl-2020,const,const,0.13388,0.61445,0.82752,,35,0.00522,-0.05695
min_special,would,(8) Δ excl-2020,d_cfnai,ΔCFNAI,1.50243,2.94661,0.61013,,35,0.00522,-0.05695
min_special,would,(8) Δ excl-2020,d_vix,ΔVIX,-0.00952,0.14201,0.94654,,35,0.00522,-0.05695
min_staff,ALL,(1),const,const,2.11771,0.16841,0.0,***,99,0.00011,-0.0102
min_staff,ALL,(1),cfnai_ma3_lag2,CFNAI-MA3,-0.00959,0.03936,0.80739,,99,0.00011,-0.0102
min_staff,ALL,(2),const,const,2.90613,0.46767,0.0,***,99,0.06217,0.0525
min_staff,ALL,(2),vix_pre28,VIX,-0.04375,0.02091,0.03641,**,99,0.06217,0.0525
min_staff,ALL,(3),const,const,2.91326,0.46348,0.0,***,99,0.0633,0.04379
min_staff,ALL,(3),cfnai_ma3_lag2,CFNAI-MA3,-0.03163,0.03313,0.33977,,99,0.0633,0.04379
min_staff,ALL,(3),vix_pre28,VIX,-0.0443,0.0205,0.03072,**,99,0.0633,0.04379
min_staff,ALL,(4),const,const,2.67954,0.35321,0.0,***,99,0.1184,0.08088
min_staff,ALL,(4),cfnai_ma3_lag2,CFNAI-MA3,-0.11919,0.05904,0.0435,**,99,0.1184,0.08088
min_staff,ALL,(4),vix_pre28,VIX,-0.02464,0.01468,0.0933,*,99,0.1184,0.08088
min_staff,ALL,(4),unrate_gap_lag1,Unemp. gap,-0.19828,0.10322,0.05475,*,99,0.1184,0.08088
min_staff,ALL,(4),corepce_gap_lag2,Core PCE gap,-0.1905,0.10051,0.05806,*,99,0.1184,0.08088
min_staff,ALL,(5),const,const,2.89483,0.39455,0.0,***,99,0.17919,0.15327
min_staff,ALL,(5),cfnai_ma3_lag2,CFNAI-MA3,0.04665,0.04671,0.31785,,99,0.17919,0.15327
min_staff,ALL,(5),vix_pre28,VIX,-0.02317,0.01395,0.09676,*,99,0.17919,0.15327
min_staff,ALL,(5),post_fw,post-2020-09,-0.764,0.2587,0.00314,***,99,0.17919,0.15327
min_staff,ALL,(6) excl-2020,const,const,3.40515,0.52422,0.0,***,91,0.10192,0.08151
min_staff,ALL,(6) excl-2020,cfnai_ma3_lag2,CFNAI-MA3,0.50038,0.49191,0.30905,,91,0.10192,0.08151
min_staff,ALL,(6) excl-2020,vix_pre28,VIX,-0.07235,0.02605,0.00548,***,91,0.10192,0.08151
min_staff,ALL,(7) Δ,const,const,-0.01652,0.05461,0.76228,,98,0.00617,-0.01475
min_staff,ALL,(7) Δ,d_cfnai,ΔCFNAI,-0.05378,0.02967,0.06995,*,98,0.00617,-0.01475
min_staff,ALL,(7) Δ,d_vix,ΔVIX,-0.00822,0.03084,0.78975,,98,0.00617,-0.01475
min_staff,ALL,(8) Δ excl-2020,const,const,-0.01475,0.06168,0.81093,,90,0.0248,0.00239
min_staff,ALL,(8) Δ excl-2020,d_cfnai,ΔCFNAI,-0.34499,0.70766,0.6259,,90,0.0248,0.00239
min_staff,ALL,(8) Δ excl-2020,d_vix,ΔVIX,-0.04081,0.04608,0.37579,,90,0.0248,0.00239
min_staff,could,(1),const,const,0.53634,0.09304,0.0,***,99,0.00267,-0.00762
min_staff,could,(1),cfnai_ma3_lag2,CFNAI-MA3,0.02539,0.03319,0.44431,,99,0.00267,-0.00762
min_staff,could,(2),const,const,0.91652,0.20585,1e-05,***,99,0.05304,0.04328
min_staff,could,(2),vix_pre28,VIX,-0.02124,0.00815,0.00914,***,99,0.05304,0.04328
min_staff,could,(3),const,const,0.91315,0.20597,1e-05,***,99,0.05395,0.03425
min_staff,could,(3),cfnai_ma3_lag2,CFNAI-MA3,0.01495,0.02313,0.51802,,99,0.05395,0.03425
min_staff,could,(3),vix_pre28,VIX,-0.02098,0.0082,0.01051,**,99,0.05395,0.03425
min_staff,could,(4),const,const,0.78145,0.14801,0.0,***,99,0.21746,0.18416
min_staff,could,(4),cfnai_ma3_lag2,CFNAI-MA3,-0.09237,0.05006,0.06499,*,99,0.21746,0.18416
min_staff,could,(4),vix_pre28,VIX,-0.01117,0.00789,0.15662,,99,0.21746,0.18416
min_staff,could,(4),unrate_gap_lag1,Unemp. gap,-0.19221,0.07656,0.01205,**,99,0.21746,0.18416
min_staff,could,(4),corepce_gap_lag2,Core PCE gap,-0.03523,0.05803,0.54378,,99,0.21746,0.18416
min_staff,could,(5),const,const,0.91233,0.20487,1e-05,***,99,0.05479,0.02494
min_staff,could,(5),cfnai_ma3_lag2,CFNAI-MA3,0.01844,0.03021,0.54157,,99,0.05479,0.02494
min_staff,could,(5),vix_pre28,VIX,-0.02004,0.00753,0.0078,***,99,0.05479,0.02494
min_staff,could,(5),post_fw,post-2020-09,-0.03403,0.17795,0.84836,,99,0.05479,0.02494
min_staff,could,(6) excl-2020,const,const,0.86616,0.25653,0.00073,***,91,0.03616,0.01425
min_staff,could,(6) excl-2020,cfnai_ma3_lag2,CFNAI-MA3,-0.21561,0.28016,0.44154,,91,0.03616,0.01425
min_staff,could,(6) excl-2020,vix_pre28,VIX,-0.01775,0.01207,0.14117,,91,0.03616,0.01425
min_staff,could,(7) Δ,const,const,0.00013,0.02694,0.99612,,98,0.00166,-0.01935
min_staff,could,(7) Δ,d_cfnai,ΔCFNAI,-0.01187,0.01056,0.26114,,98,0.00166,-0.01935
min_staff,could,(7) Δ,d_vix,ΔVIX,-0.00223,0.01155,0.84697,,98,0.00166,-0.01935
min_staff,could,(8) Δ excl-2020,const,const,0.00071,0.029,0.98053,,90,0.01245,-0.01025
min_staff,could,(8) Δ excl-2020,d_cfnai,ΔCFNAI,-0.2357,0.2434,0.33286,,90,0.01245,-0.01025
min_staff,could,(8) Δ excl-2020,d_vix,ΔVIX,-0.00803,0.01747,0.64581,,90,0.01245,-0.01025
min_staff,may,(1),const,const,0.22491,0.03846,0.0,***,99,0.01279,0.00261
min_staff,may,(1),cfnai_ma3_lag2,CFNAI-MA3,-0.02839,0.01119,0.01117,**,99,0.01279,0.00261
min_staff,may,(2),const,const,0.43357,0.09128,0.0,***,99,0.05915,0.04945
min_staff,may,(2),vix_pre28,VIX,-0.01145,0.00418,0.00622,***,99,0.05915,0.04945
min_staff,may,(3),const,const,0.44132,0.08886,0.0,***,99,0.07774,0.05853
min_staff,may,(3),cfnai_ma3_lag2,CFNAI-MA3,-0.03438,0.01176,0.00345,***,99,0.07774,0.05853
min_staff,may,(3),vix_pre28,VIX,-0.01205,0.00391,0.00206,***,99,0.07774,0.05853
min_staff,may,(4),const,const,0.40169,0.07676,0.0,***,99,0.1013,0.06306
min_staff,may,(4),cfnai_ma3_lag2,CFNAI-MA3,-0.04425,0.01746,0.01127,**,99,0.1013,0.06306
min_staff,may,(4),vix_pre28,VIX,-0.00861,0.00392,0.02794,**,99,0.1013,0.06306
min_staff,may,(4),unrate_gap_lag1,Unemp. gap,-0.02671,0.02992,0.37208,,99,0.1013,0.06306
min_staff,may,(4),corepce_gap_lag2,Core PCE gap,-0.0385,0.028,0.16904,,99,0.1013,0.06306
min_staff,may,(5),const,const,0.43801,0.08442,0.0,***,99,0.12978,0.1023
min_staff,may,(5),cfnai_ma3_lag2,CFNAI-MA3,-0.0203,0.01505,0.17738,,99,0.12978,0.1023
min_staff,may,(5),vix_pre28,VIX,-0.00825,0.00366,0.02409,**,99,0.12978,0.1023
min_staff,may,(5),post_fw,post-2020-09,-0.13737,0.06559,0.03623,**,99,0.12978,0.1023
min_staff,may,(6) excl-2020,const,const,0.47712,0.11444,3e-05,***,91,0.05162,0.03007
min_staff,may,(6) excl-2020,cfnai_ma3_lag2,CFNAI-MA3,0.04205,0.13477,0.75504,,91,0.05162,0.03007
min_staff,may,(6) excl-2020,vix_pre28,VIX,-0.01382,0.00605,0.02247,**,91,0.05162,0.03007
min_staff,may,(7) Δ,const,const,0.00038,0.01691,0.98187,,98,0.01959,-0.00105
min_staff,may,(7) Δ,d_cfnai,ΔCFNAI,-0.02815,0.01596,0.07781,*,98,0.01959,-0.00105
min_staff,may,(7) Δ,d_vix,ΔVIX,-0.00642,0.0077,0.40484,,98,0.01959,-0.00105
min_staff,may,(8) Δ excl-2020,const,const,0.00113,0.01885,0.95234,,90,0.00581,-0.01705
min_staff,may,(8) Δ excl-2020,d_cfnai,ΔCFNAI,0.0838,0.1866,0.65338,,90,0.00581,-0.01705
min_staff,may,(8) Δ excl-2020,d_vix,ΔVIX,-0.00653,0.01215,0.59094,,90,0.00581,-0.01705
min_staff,would,(1),const,const,1.26485,0.09605,0.0,***,99,0.00073,-0.00957
min_staff,would,(1),cfnai_ma3_lag2,CFNAI-MA3,-0.01693,0.02953,0.56648,,99,0.00073,-0.00957
min_staff,would,(2),const,const,1.49589,0.34811,2e-05,***,99,0.0118,0.00161
min_staff,would,(2),vix_pre28,VIX,-0.01275,0.0174,0.46364,,99,0.0118,0.00161
min_staff,would,(3),const,const,1.50118,0.34315,1e-05,***,99,0.01319,-0.00737
min_staff,would,(3),cfnai_ma3_lag2,CFNAI-MA3,-0.02347,0.02981,0.43111,,99,0.01319,-0.00737
min_staff,would,(3),vix_pre28,VIX,-0.01316,0.01691,0.43629,,99,0.01319,-0.00737
min_staff,would,(4),const,const,1.45792,0.32087,1e-05,***,99,0.06643,0.0267
min_staff,would,(4),cfnai_ma3_lag2,CFNAI-MA3,0.01582,0.04561,0.72862,,99,0.06643,0.0267
min_staff,would,(4),vix_pre28,VIX,-0.00831,0.01637,0.61178,,99,0.06643,0.0267
min_staff,would,(4),unrate_gap_lag1,Unemp. gap,0.04033,0.05634,0.47408,,99,0.06643,0.0267
min_staff,would,(4),corepce_gap_lag2,Core PCE gap,-0.10429,0.05921,0.07819,*,99,0.06643,0.0267
min_staff,would,(5),const,const,1.48695,0.24957,0.0,***,99,0.16755,0.14127
min_staff,would,(5),cfnai_ma3_lag2,CFNAI-MA3,0.03697,0.03453,0.28431,,99,0.16755,0.14127
min_staff,would,(5),vix_pre28,VIX,0.00316,0.01117,0.77758,,99,0.16755,0.14127
min_staff,would,(5),post_fw,post-2020-09,-0.58989,0.15128,0.0001,***,99,0.16755,0.14127
min_staff,would,(6) excl-2020,const,const,2.03416,0.31797,0.0,***,91,0.1192,0.09918
min_staff,would,(6) excl-2020,cfnai_ma3_lag2,CFNAI-MA3,0.74181,0.24171,0.00215,***,91,0.1192,0.09918
min_staff,would,(6) excl-2020,vix_pre28,VIX,-0.04447,0.01745,0.0108,**,91,0.1192,0.09918
min_staff,would,(7) Δ,const,const,-0.01639,0.04186,0.69546,,98,0.00272,-0.01828
min_staff,would,(7) Δ,d_cfnai,ΔCFNAI,-0.00113,0.01676,0.94604,,98,0.00272,-0.01828
min_staff,would,(7) Δ,d_vix,ΔVIX,-0.00936,0.02564,0.71502,,98,0.00272,-0.01828
min_staff,would,(8) Δ excl-2020,const,const,-0.02164,0.04456,0.62719,,90,0.02817,0.00583
min_staff,would,(8) Δ excl-2020,d_cfnai,ΔCFNAI,-0.20987,0.52727,0.69061,,90,0.02817,0.00583
min_staff,would,(8) Δ excl-2020,d_vix,ΔVIX,-0.03564,0.03582,0.31965,,90,0.02817,0.00583
min_staff_desk,ALL,(1),const,const,6.66272,0.64728,0.0,***,99,0.00674,-0.0035
min_staff_desk,ALL,(1),cfnai_ma3_lag2,CFNAI-MA3,0.37905,0.22272,0.08876,*,99,0.00674,-0.0035
min_staff_desk,ALL,(2),const,const,5.30256,2.1477,0.01355,**,99,0.00724,-0.003
min_staff_desk,ALL,(2),vix_pre28,VIX,0.07367,0.09421,0.43422,,99,0.00724,-0.003
min_staff_desk,ALL,(3),const,const,5.20796,2.13475,0.0147,**,99,0.01541,-0.0051
min_staff_desk,ALL,(3),cfnai_ma3_lag2,CFNAI-MA3,0.41934,0.18842,0.02604,**,99,0.01541,-0.0051
min_staff_desk,ALL,(3),vix_pre28,VIX,0.08101,0.09373,0.38743,,99,0.01541,-0.0051
min_staff_desk,ALL,(4),const,const,6.08359,2.16115,0.00488,***,99,0.05123,0.01086
min_staff_desk,ALL,(4),cfnai_ma3_lag2,CFNAI-MA3,0.84356,0.42924,0.04939,**,99,0.05123,0.01086
min_staff_desk,ALL,(4),vix_pre28,VIX,0.00947,0.10585,0.92872,,99,0.05123,0.01086
min_staff_desk,ALL,(4),unrate_gap_lag1,Unemp. gap,0.87633,0.5524,0.11265,,99,0.05123,0.01086
min_staff_desk,ALL,(4),corepce_gap_lag2,Core PCE gap,0.59408,0.39498,0.13256,,99,0.05123,0.01086
min_staff_desk,ALL,(5),const,const,5.19413,2.12634,0.01458,**,99,0.01809,-0.01292
min_staff_desk,ALL,(5),cfnai_ma3_lag2,CFNAI-MA3,0.47807,0.22774,0.0358,**,99,0.01809,-0.01292
min_staff_desk,ALL,(5),vix_pre28,VIX,0.09686,0.08014,0.22681,,99,0.01809,-0.01292
min_staff_desk,ALL,(5),post_fw,post-2020-09,-0.57317,1.11239,0.60637,,99,0.01809,-0.01292
min_staff_desk,ALL,(6) excl-2020,const,const,6.06482,3.22685,0.06018,*,91,0.04043,0.01862
min_staff_desk,ALL,(6) excl-2020,cfnai_ma3_lag2,CFNAI-MA3,4.34831,2.97663,0.14407,,91,0.04043,0.01862
min_staff_desk,ALL,(6) excl-2020,vix_pre28,VIX,0.0293,0.16381,0.85803,,91,0.04043,0.01862
min_staff_desk,ALL,(7) Δ,const,const,-0.15909,0.30582,0.60292,,98,0.02684,0.00635
min_staff_desk,ALL,(7) Δ,d_cfnai,ΔCFNAI,0.6239,0.20233,0.00204,***,98,0.02684,0.00635
min_staff_desk,ALL,(7) Δ,d_vix,ΔVIX,-0.15863,0.10791,0.14154,,98,0.02684,0.00635
min_staff_desk,ALL,(8) Δ excl-2020,const,const,-0.03816,0.36689,0.91717,,90,0.03788,0.01576
min_staff_desk,ALL,(8) Δ excl-2020,d_cfnai,ΔCFNAI,5.53172,4.50744,0.21973,,90,0.03788,0.01576
min_staff_desk,ALL,(8) Δ excl-2020,d_vix,ΔVIX,-0.20953,0.16592,0.20666,,90,0.03788,0.01576
min_staff_desk,could,(1),const,const,1.64291,0.2237,0.0,***,99,0.01318,0.00301
min_staff_desk,could,(1),cfnai_ma3_lag2,CFNAI-MA3,0.19541,0.07745,0.01163,**,99,0.01318,0.00301
min_staff_desk,could,(2),const,const,0.67359,0.59596,0.25837,,99,0.02743,0.0174
min_staff_desk,could,(2),vix_pre28,VIX,0.05287,0.02683,0.04879,**,99,0.02743,0.0174
min_staff_desk,could,(3),const,const,0.62313,0.59775,0.2972,,99,0.04454,0.02463
min_staff_desk,could,(3),cfnai_ma3_lag2,CFNAI-MA3,0.22366,0.0688,0.00115,***,99,0.04454,0.02463
min_staff_desk,could,(3),vix_pre28,VIX,0.05679,0.02746,0.03867,**,99,0.04454,0.02463
min_staff_desk,could,(4),const,const,0.7161,0.61901,0.24733,,99,0.04716,0.00662
min_staff_desk,could,(4),cfnai_ma3_lag2,CFNAI-MA3,0.25573,0.15167,0.09177,*,99,0.04716,0.00662
min_staff_desk,could,(4),vix_pre28,VIX,0.04891,0.03105,0.11518,,99,0.04716,0.00662
min_staff_desk,could,(4),unrate_gap_lag1,Unemp. gap,0.07505,0.18295,0.68166,,99,0.04716,0.00662
min_staff_desk,could,(4),corepce_gap_lag2,Core PCE gap,0.0792,0.15104,0.60003,,99,0.04716,0.00662
min_staff_desk,could,(5),const,const,0.61307,0.59034,0.29904,,99,0.05497,0.02513
min_staff_desk,could,(5),cfnai_ma3_lag2,CFNAI-MA3,0.2664,0.07669,0.00051,***,99,0.05497,0.02513
min_staff_desk,could,(5),vix_pre28,VIX,0.06832,0.02474,0.00574,***,99,0.05497,0.02513
min_staff_desk,could,(5),post_fw,post-2020-09,-0.41712,0.39791,0.29451,,99,0.05497,0.02513
min_staff_desk,could,(6) excl-2020,const,const,0.8178,0.8326,0.32599,,91,0.06356,0.04228
min_staff_desk,could,(6) excl-2020,cfnai_ma3_lag2,CFNAI-MA3,1.65477,0.9251,0.07366,*,91,0.06356,0.04228
min_staff_desk,could,(6) excl-2020,vix_pre28,VIX,0.04781,0.04317,0.26817,,91,0.06356,0.04228
min_staff_desk,could,(7) Δ,const,const,-0.01611,0.12647,0.89866,,98,0.03658,0.0163
min_staff_desk,could,(7) Δ,d_cfnai,ΔCFNAI,0.34053,0.04877,0.0,***,98,0.03658,0.0163
min_staff_desk,could,(7) Δ,d_vix,ΔVIX,0.01585,0.03957,0.68876,,98,0.03658,0.0163
min_staff_desk,could,(8) Δ excl-2020,const,const,0.06515,0.15937,0.68268,,90,0.0066,-0.01624
min_staff_desk,could,(8) Δ excl-2020,d_cfnai,ΔCFNAI,0.94899,1.69835,0.57632,,90,0.0066,-0.01624
min_staff_desk,could,(8) Δ excl-2020,d_vix,ΔVIX,0.01787,0.0629,0.77639,,90,0.0066,-0.01624
min_staff_desk,may,(1),const,const,0.48273,0.08913,0.0,***,99,0.00086,-0.00944
min_staff_desk,may,(1),cfnai_ma3_lag2,CFNAI-MA3,-0.02311,0.04049,0.56827,,99,0.00086,-0.00944
min_staff_desk,may,(2),const,const,0.67001,0.24686,0.00665,***,99,0.00485,-0.00541
min_staff_desk,may,(2),vix_pre28,VIX,-0.01029,0.01089,0.34502,,99,0.00485,-0.00541
min_staff_desk,may,(3),const,const,0.67643,0.248,0.00638,***,99,0.00615,-0.01456
min_staff_desk,may,(3),cfnai_ma3_lag2,CFNAI-MA3,-0.02847,0.03757,0.44857,,99,0.00615,-0.01456
min_staff_desk,may,(3),vix_pre28,VIX,-0.01079,0.01102,0.32765,,99,0.00615,-0.01456
min_staff_desk,may,(4),const,const,0.74669,0.22825,0.00107,***,99,0.02598,-0.01547
min_staff_desk,may,(4),cfnai_ma3_lag2,CFNAI-MA3,-0.03893,0.04943,0.43099,,99,0.02598,-0.01547
min_staff_desk,may,(4),vix_pre28,VIX,-0.0175,0.00954,0.06657,*,99,0.02598,-0.01547
min_staff_desk,may,(4),unrate_gap_lag1,Unemp. gap,0.00856,0.05355,0.87303,,99,0.02598,-0.01547
min_staff_desk,may,(4),corepce_gap_lag2,Core PCE gap,0.10301,0.07423,0.16523,,99,0.02598,-0.01547
min_staff_desk,may,(5),const,const,0.68003,0.23772,0.00423,***,99,0.01238,-0.01881
min_staff_desk,may,(5),cfnai_ma3_lag2,CFNAI-MA3,-0.04375,0.04295,0.30843,,99,0.01238,-0.01881
min_staff_desk,may,(5),vix_pre28,VIX,-0.01491,0.00972,0.12504,,99,0.01238,-0.01881
min_staff_desk,may,(5),post_fw,post-2020-09,0.1491,0.18656,0.42416,,99,0.01238,-0.01881
min_staff_desk,may,(6) excl-2020,const,const,0.58732,0.35119,0.09445,*,91,0.00304,-0.01962
min_staff_desk,may,(6) excl-2020,cfnai_ma3_lag2,CFNAI-MA3,0.2096,0.51731,0.68534,,91,0.00304,-0.01962
min_staff_desk,may,(6) excl-2020,vix_pre28,VIX,-0.00406,0.01862,0.82752,,91,0.00304,-0.01962
min_staff_desk,may,(7) Δ,const,const,-0.01395,0.05666,0.80557,,98,0.01064,-0.01019
min_staff_desk,may,(7) Δ,d_cfnai,ΔCFNAI,-0.02205,0.05038,0.6616,,98,0.01064,-0.01019
min_staff_desk,may,(7) Δ,d_vix,ΔVIX,-0.02374,0.01543,0.12389,,98,0.01064,-0.01019
min_staff_desk,may,(8) Δ excl-2020,const,const,0.03182,0.07145,0.65611,,90,0.07799,0.05679
min_staff_desk,may,(8) Δ excl-2020,d_cfnai,ΔCFNAI,1.49713,0.83011,0.0713,*,90,0.07799,0.05679
min_staff_desk,may,(8) Δ excl-2020,d_vix,ΔVIX,-0.04733,0.02291,0.03879,**,90,0.07799,0.05679
min_staff_desk,should,(1),const,const,0.29159,0.09196,0.00152,***,99,0.00508,-0.00518
min_staff_desk,should,(1),cfnai_ma3_lag2,CFNAI-MA3,0.05395,0.03028,0.0748,*,99,0.00508,-0.00518
min_staff_desk,should,(2),const,const,0.31818,0.368,0.38724,,99,0.00015,-0.01016
min_staff_desk,should,(2),vix_pre28,VIX,-0.00175,0.01689,0.91771,,99,0.00015,-0.01016
min_staff_desk,should,(3),const,const,0.3061,0.36682,0.40402,,99,0.00511,-0.01561
min_staff_desk,should,(3),cfnai_ma3_lag2,CFNAI-MA3,0.05355,0.02546,0.03542,**,99,0.00511,-0.01561
min_staff_desk,should,(3),vix_pre28,VIX,-0.00081,0.0169,0.96186,,99,0.00511,-0.01561
min_staff_desk,should,(4),const,const,0.37297,0.39313,0.34276,,99,0.03619,-0.00482
min_staff_desk,should,(4),cfnai_ma3_lag2,CFNAI-MA3,0.12322,0.08112,0.12879,,99,0.03619,-0.00482
min_staff_desk,should,(4),vix_pre28,VIX,-0.00546,0.02032,0.7883,,99,0.03619,-0.00482
min_staff_desk,should,(4),unrate_gap_lag1,Unemp. gap,0.11865,0.10734,0.26898,,99,0.03619,-0.00482
min_staff_desk,should,(4),corepce_gap_lag2,Core PCE gap,-0.00098,0.05612,0.98609,,99,0.03619,-0.00482
min_staff_desk,should,(5),const,const,0.30323,0.35835,0.39746,,99,0.00941,-0.02187
min_staff_desk,should,(5),cfnai_ma3_lag2,CFNAI-MA3,0.06575,0.03484,0.05914,*,99,0.00941,-0.02187
min_staff_desk,should,(5),vix_pre28,VIX,0.00248,0.01455,0.86444,,99,0.00941,-0.02187
min_staff_desk,should,(5),post_fw,post-2020-09,-0.11901,0.1586,0.45303,,99,0.00941,-0.02187
min_staff_desk,should,(6) excl-2020,const,const,0.63839,0.56316,0.25697,,91,0.02285,0.00064
min_staff_desk,should,(6) excl-2020,cfnai_ma3_lag2,CFNAI-MA3,0.44972,0.55039,0.41387,,91,0.02285,0.00064
min_staff_desk,should,(6) excl-2020,vix_pre28,VIX,-0.02051,0.02827,0.46817,,91,0.02285,0.00064
min_staff_desk,should,(7) Δ,const,const,-0.00192,0.05217,0.97063,,98,0.0176,-0.00308
min_staff_desk,should,(7) Δ,d_cfnai,ΔCFNAI,0.00541,0.03366,0.87236,,98,0.0176,-0.00308
min_staff_desk,should,(7) Δ,d_vix,ΔVIX,0.02973,0.02012,0.1395,,98,0.0176,-0.00308
min_staff_desk,should,(8) Δ excl-2020,const,const,0.01706,0.0603,0.7772,,90,0.00466,-0.01823
min_staff_desk,should,(8) Δ excl-2020,d_cfnai,ΔCFNAI,0.21519,0.50342,0.66904,,90,0.00466,-0.01823
min_staff_desk,should,(8) Δ excl-2020,d_vix,ΔVIX,0.01436,0.02461,0.55962,,90,0.00466,-0.01823
min_staff_desk,will,(1),const,const,0.46107,0.08131,0.0,***,99,0.00543,-0.00482
min_staff_desk,will,(1),cfnai_ma3_lag2,CFNAI-MA3,0.06211,0.02582,0.01615,**,99,0.00543,-0.00482
min_staff_desk,will,(2),const,const,0.75585,0.32841,0.02136,**,99,0.01114,0.00095
min_staff_desk,will,(2),vix_pre28,VIX,-0.01668,0.01646,0.31081,,99,0.01114,0.00095
min_staff_desk,will,(3),const,const,0.7436,0.3317,0.02497,**,99,0.01526,-0.00526
min_staff_desk,will,(3),cfnai_ma3_lag2,CFNAI-MA3,0.05428,0.03383,0.10859,,99,0.01526,-0.00526
min_staff_desk,will,(3),vix_pre28,VIX,-0.01573,0.01678,0.34833,,99,0.01526,-0.00526
min_staff_desk,will,(4),const,const,0.74828,0.3212,0.01983,**,99,0.01954,-0.02218
min_staff_desk,will,(4),cfnai_ma3_lag2,CFNAI-MA3,0.07752,0.05233,0.13851,,99,0.01954,-0.02218
min_staff_desk,will,(4),vix_pre28,VIX,-0.01566,0.01599,0.32758,,99,0.01954,-0.02218
min_staff_desk,will,(4),unrate_gap_lag1,Unemp. gap,0.03378,0.05328,0.52603,,99,0.01954,-0.02218
min_staff_desk,will,(4),corepce_gap_lag2,Core PCE gap,-0.02291,0.0652,0.72534,,99,0.01954,-0.02218
min_staff_desk,will,(5),const,const,0.74367,0.33118,0.02474,**,99,0.01526,-0.01584
min_staff_desk,will,(5),cfnai_ma3_lag2,CFNAI-MA3,0.05399,0.03846,0.16036,,99,0.01526,-0.01584
min_staff_desk,will,(5),vix_pre28,VIX,-0.01581,0.01698,0.3517,,99,0.01526,-0.01584
min_staff_desk,will,(5),post_fw,post-2020-09,0.00285,0.16486,0.98622,,99,0.01526,-0.01584
min_staff_desk,will,(6) excl-2020,const,const,0.9408,0.37756,0.01271,**,91,0.02506,0.0029
min_staff_desk,will,(6) excl-2020,cfnai_ma3_lag2,CFNAI-MA3,-0.00928,0.28879,0.97437,,91,0.02506,0.0029
min_staff_desk,will,(6) excl-2020,vix_pre28,VIX,-0.02986,0.01877,0.11165,,91,0.02506,0.0029
min_staff_desk,will,(7) Δ,const,const,-0.02885,0.06292,0.64658,,98,0.01342,-0.00735
min_staff_desk,will,(7) Δ,d_cfnai,ΔCFNAI,-0.0121,0.06274,0.84708,,98,0.01342,-0.00735
min_staff_desk,will,(7) Δ,d_vix,ΔVIX,-0.03216,0.0358,0.36893,,98,0.01342,-0.00735
min_staff_desk,will,(8) Δ excl-2020,const,const,0.01641,0.06591,0.8034,,90,0.08746,0.06648
min_staff_desk,will,(8) Δ excl-2020,d_cfnai,ΔCFNAI,1.6117,0.66025,0.01464,**,90,0.08746,0.06648
min_staff_desk,will,(8) Δ excl-2020,d_vix,ΔVIX,-0.06061,0.03292,0.06557,*,90,0.08746,0.06648
min_staff_desk,would,(1),const,const,3.73637,0.37541,0.0,***,99,0.00075,-0.00955
min_staff_desk,would,(1),cfnai_ma3_lag2,CFNAI-MA3,0.08072,0.12818,0.52886,,99,0.00075,-0.00955
min_staff_desk,would,(2),const,const,2.96981,1.22488,0.01533,**,99,0.00582,-0.00443
min_staff_desk,would,(2),vix_pre28,VIX,0.04218,0.05886,0.47359,,99,0.00582,-0.00443
min_staff_desk,would,(3),const,const,2.94667,1.22211,0.0159,**,99,0.00702,-0.01367
min_staff_desk,would,(3),cfnai_ma3_lag2,CFNAI-MA3,0.10259,0.1113,0.35664,,99,0.00702,-0.01367
min_staff_desk,would,(3),vix_pre28,VIX,0.04397,0.05884,0.45488,,99,0.00702,-0.01367
min_staff_desk,would,(4),const,const,3.60162,1.19616,0.0026,***,99,0.05528,0.01508
min_staff_desk,would,(4),cfnai_ma3_lag2,CFNAI-MA3,0.41275,0.19724,0.03638,**,99,0.05528,0.01508
min_staff_desk,would,(4),vix_pre28,VIX,-0.00969,0.05985,0.87135,,99,0.05528,0.01508
min_staff_desk,would,(4),unrate_gap_lag1,Unemp. gap,0.64556,0.26452,0.01467,**,99,0.05528,0.01508
min_staff_desk,would,(4),corepce_gap_lag2,Core PCE gap,0.45324,0.26825,0.0911,*,99,0.05528,0.01508
min_staff_desk,would,(5),const,const,2.94247,1.21677,0.0156,**,99,0.00762,-0.02372
min_staff_desk,would,(5),cfnai_ma3_lag2,CFNAI-MA3,0.1204,0.13151,0.35993,,99,0.00762,-0.02372
min_staff_desk,would,(5),vix_pre28,VIX,0.04878,0.05176,0.34601,,99,0.00762,-0.02372
min_staff_desk,would,(5),post_fw,post-2020-09,-0.17375,0.65202,0.78986,,99,0.00762,-0.02372
min_staff_desk,would,(6) excl-2020,const,const,3.02814,1.88859,0.10885,,91,0.02185,-0.00038
min_staff_desk,would,(6) excl-2020,cfnai_ma3_lag2,CFNAI-MA3,1.83417,1.56971,0.24261,,91,0.02185,-0.00038
min_staff_desk,would,(6) excl-2020,vix_pre28,VIX,0.03644,0.10212,0.72122,,91,0.02185,-0.00038
min_staff_desk,would,(7) Δ,const,const,-0.09785,0.19876,0.62252,,98,0.03326,0.01291
min_staff_desk,would,(7) Δ,d_cfnai,ΔCFNAI,0.2663,0.08282,0.0013,***,98,0.03326,0.01291
min_staff_desk,would,(7) Δ,d_vix,ΔVIX,-0.15552,0.06584,0.01817,**,98,0.03326,0.01291
min_staff_desk,would,(8) Δ excl-2020,const,const,-0.1744,0.20944,0.40501,,90,0.01479,-0.00786
min_staff_desk,would,(8) Δ excl-2020,d_cfnai,ΔCFNAI,0.87867,3.07142,0.77482,,90,0.01479,-0.00786
min_staff_desk,would,(8) Δ excl-2020,d_vix,ΔVIX,-0.13139,0.10309,0.20249,,90,0.01479,-0.00786
statement,ALL,(1),const,const,18.45669,0.78487,0.0,***,101,0.00329,-0.00678
statement,ALL,(1),cfnai_ma3_lag2,CFNAI-MA3,-0.20896,0.14613,0.15271,,101,0.00329,-0.00678
statement,ALL,(2),const,const,18.38138,1.66762,0.0,***,101,7e-05,-0.01003
statement,ALL,(2),vix_pre28,VIX,0.00513,0.06865,0.94041,,101,7e-05,-0.01003
statement,ALL,(3),const,const,18.4151,1.68422,0.0,***,101,0.0033,-0.01704
statement,ALL,(3),cfnai_ma3_lag2,CFNAI-MA3,-0.2078,0.16047,0.19534,,101,0.0033,-0.01704
statement,ALL,(3),vix_pre28,VIX,0.00227,0.07048,0.97428,,101,0.0033,-0.01704
statement,ALL,(4),const,const,19.3039,1.36291,0.0,***,101,0.32723,0.29919
statement,ALL,(4),cfnai_ma3_lag2,CFNAI-MA3,0.21427,0.27833,0.44138,,101,0.32723,0.29919
statement,ALL,(4),vix_pre28,VIX,-0.10357,0.06242,0.09708,*,101,0.32723,0.29919
statement,ALL,(4),unrate_gap_lag1,Unemp. gap,1.17829,0.35398,0.00087,***,101,0.32723,0.29919
statement,ALL,(4),corepce_gap_lag2,Core PCE gap,1.97329,0.52915,0.00019,***,101,0.32723,0.29919
statement,ALL,(5),const,const,17.6491,1.45289,0.0,***,101,0.42902,0.41136
statement,ALL,(5),cfnai_ma3_lag2,CFNAI-MA3,-0.74649,0.16012,0.0,***,101,0.42902,0.41136
statement,ALL,(5),vix_pre28,VIX,-0.09505,0.0604,0.11559,,101,0.42902,0.41136
statement,ALL,(5),post_fw,post-2020-09,5.49561,1.00542,0.0,***,101,0.42902,0.41136
statement,ALL,(6) excl-2020,const,const,17.11708,1.76899,0.0,***,91,0.0278,0.00571
statement,ALL,(6) excl-2020,cfnai_ma3_lag2,CFNAI-MA3,-2.56416,2.284,0.26158,,91,0.0278,0.00571
statement,ALL,(6) excl-2020,vix_pre28,VIX,0.08307,0.08145,0.30781,,91,0.0278,0.00571
statement,ALL,(7) Δ,const,const,-0.00752,0.18095,0.96685,,100,0.00713,-0.01334
statement,ALL,(7) Δ,d_cfnai,ΔCFNAI,-0.01132,0.05006,0.82117,,100,0.00713,-0.01334
statement,ALL,(7) Δ,d_vix,ΔVIX,-0.04369,0.05339,0.41324,,100,0.00713,-0.01334
statement,ALL,(8) Δ excl-2020,const,const,-0.12037,0.17094,0.48132,,90,0.00608,-0.01676
statement,ALL,(8) Δ excl-2020,d_cfnai,ΔCFNAI,-0.35895,1.11359,0.7472,,90,0.00608,-0.01676
statement,ALL,(8) Δ excl-2020,d_vix,ΔVIX,-0.03997,0.06146,0.5155,,90,0.00608,-0.01676
statement,could,(1),const,const,1.46368,0.33405,1e-05,***,101,0.02005,0.01016
statement,could,(1),cfnai_ma3_lag2,CFNAI-MA3,0.20086,0.04642,2e-05,***,101,0.02005,0.01016
statement,could,(2),const,const,0.67811,0.91223,0.45727,,101,0.03216,0.02238
statement,could,(2),vix_pre28,VIX,0.04183,0.04927,0.39591,,101,0.03216,0.02238
statement,could,(3),const,const,0.64181,0.89298,0.47231,,101,0.05686,0.03761
statement,could,(3),cfnai_ma3_lag2,CFNAI-MA3,0.22371,0.04407,0.0,***,101,0.05686,0.03761
statement,could,(3),vix_pre28,VIX,0.04491,0.04715,0.34081,,101,0.05686,0.03761
statement,could,(4),const,const,1.01338,0.33089,0.00219,***,101,0.60802,0.59168
statement,could,(4),cfnai_ma3_lag2,CFNAI-MA3,0.2593,0.08978,0.00387,***,101,0.60802,0.59168
statement,could,(4),vix_pre28,VIX,-0.00264,0.01367,0.8468,,101,0.60802,0.59168
statement,could,(4),unrate_gap_lag1,Unemp. gap,0.29868,0.08017,0.00019,***,101,0.60802,0.59168
statement,could,(4),corepce_gap_lag2,Core PCE gap,1.00733,0.13203,0.0,***,101,0.60802,0.59168
statement,could,(5),const,const,0.21842,0.15309,0.15365,,101,0.91559,0.91298
statement,could,(5),cfnai_ma3_lag2,CFNAI-MA3,-0.07404,0.04656,0.11178,,101,0.91559,0.91298
statement,could,(5),vix_pre28,VIX,-0.00888,0.00632,0.15983,,101,0.91559,0.91298
statement,could,(5),post_fw,post-2020-09,3.03757,0.16922,0.0,***,101,0.91559,0.91298
statement,could,(6) excl-2020,const,const,-1.32489,0.59119,0.02502,**,91,0.23777,0.22045
statement,could,(6) excl-2020,cfnai_ma3_lag2,CFNAI-MA3,-1.14992,0.95078,0.22649,,91,0.23777,0.22045
statement,could,(6) excl-2020,vix_pre28,VIX,0.16567,0.0326,0.0,***,91,0.23777,0.22045
statement,could,(7) Δ,const,const,0.02731,0.0269,0.30993,,100,0.2652,0.25005
statement,could,(7) Δ,d_cfnai,ΔCFNAI,0.1392,0.03611,0.00012,***,100,0.2652,0.25005
statement,could,(7) Δ,d_vix,ΔVIX,-0.0064,0.00897,0.47522,,100,0.2652,0.25005
statement,could,(8) Δ excl-2020,const,const,0.00412,0.02263,0.85564,,90,0.00141,-0.02155
statement,could,(8) Δ excl-2020,d_cfnai,ΔCFNAI,-0.05606,0.13106,0.66883,,90,0.00141,-0.02155
statement,could,(8) Δ excl-2020,d_vix,ΔVIX,7e-05,0.01176,0.99494,,90,0.00141,-0.02155
statement,should,(1),const,const,0.54123,0.19279,0.00499,***,101,0.00065,-0.00945
statement,should,(1),cfnai_ma3_lag2,CFNAI-MA3,0.02095,0.04226,0.6201,,101,0.00065,-0.00945
statement,should,(2),const,const,1.26282,0.45415,0.00543,***,101,0.08456,0.07532
statement,should,(2),vix_pre28,VIX,-0.03943,0.0172,0.02184,**,101,0.08456,0.07532
statement,should,(3),const,const,1.26267,0.45435,0.00545,***,101,0.08456,0.06588
statement,should,(3),cfnai_ma3_lag2,CFNAI-MA3,0.00089,0.02663,0.97331,,101,0.08456,0.06588
statement,should,(3),vix_pre28,VIX,-0.03942,0.01724,0.02224,**,101,0.08456,0.06588
statement,should,(4),const,const,1.2281,0.37944,0.00121,***,101,0.26954,0.2391
statement,should,(4),cfnai_ma3_lag2,CFNAI-MA3,0.10747,0.13126,0.41292,,101,0.26954,0.2391
statement,should,(4),vix_pre28,VIX,-0.03242,0.01493,0.02988,**,101,0.26954,0.2391
statement,should,(4),unrate_gap_lag1,Unemp. gap,0.1235,0.15949,0.43873,,101,0.26954,0.2391
statement,should,(4),corepce_gap_lag2,Core PCE gap,-0.23603,0.09913,0.01727,**,101,0.26954,0.2391
statement,should,(5),const,const,1.39736,0.43663,0.00137,***,101,0.3417,0.32134
statement,should,(5),cfnai_ma3_lag2,CFNAI-MA3,0.09561,0.03531,0.00677,***,101,0.3417,0.32134
statement,should,(5),vix_pre28,VIX,-0.02231,0.01299,0.0858,*,101,0.3417,0.32134
statement,should,(5),post_fw,post-2020-09,-0.96631,0.27936,0.00054,***,101,0.3417,0.32134
statement,should,(6) excl-2020,const,const,1.52247,0.63521,0.01654,**,91,0.07544,0.05443
statement,should,(6) excl-2020,cfnai_ma3_lag2,CFNAI-MA3,-0.07244,0.57734,0.90015,,91,0.07544,0.05443
statement,should,(6) excl-2020,vix_pre28,VIX,-0.05412,0.02997,0.07095,*,91,0.07544,0.05443
statement,should,(7) Δ,const,const,-0.02391,0.02102,0.25523,,100,0.00099,-0.01961
statement,should,(7) Δ,d_cfnai,ΔCFNAI,-0.0001,0.00341,0.97549,,100,0.00099,-0.01961
statement,should,(7) Δ,d_vix,ΔVIX,-0.00153,0.00353,0.66481,,100,0.00099,-0.01961
statement,should,(8) Δ excl-2020,const,const,-0.02752,0.02433,0.25811,,90,0.00348,-0.01943
statement,should,(8) Δ excl-2020,d_cfnai,ΔCFNAI,-0.05045,0.11078,0.64883,,90,0.00348,-0.01943
statement,should,(8) Δ excl-2020,d_vix,ΔVIX,-0.00243,0.00582,0.67611,,90,0.00348,-0.01943
statement,will,(1),const,const,14.30539,0.5234,0.0,***,101,0.05403,0.04448
statement,will,(1),cfnai_ma3_lag2,CFNAI-MA3,-0.66427,0.18765,0.0004,***,101,0.05403,0.04448
statement,will,(2),const,const,15.21142,1.45906,0.0,***,101,0.00963,-0.00037
statement,will,(2),vix_pre28,VIX,-0.04612,0.07167,0.51989,,101,0.00963,-0.00037
statement,will,(3),const,const,15.32381,1.41481,0.0,***,101,0.06796,0.04894
statement,will,(3),cfnai_ma3_lag2,CFNAI-MA3,-0.69258,0.21331,0.00117,***,101,0.06796,0.04894
statement,will,(3),vix_pre28,VIX,-0.05565,0.0662,0.40053,,101,0.06796,0.04894
statement,will,(4),const,const,15.51851,1.35901,0.0,***,101,0.10819,0.07103
statement,will,(4),cfnai_ma3_lag2,CFNAI-MA3,-0.38866,0.22823,0.08858,*,101,0.10819,0.07103
statement,will,(4),vix_pre28,VIX,-0.07388,0.05863,0.20767,,101,0.10819,0.07103
statement,will,(4),unrate_gap_lag1,Unemp. gap,0.54924,0.28772,0.05627,*,101,0.10819,0.07103
statement,will,(4),corepce_gap_lag2,Core PCE gap,0.15847,0.3407,0.64183,,101,0.10819,0.07103
statement,will,(5),const,const,15.24758,1.52874,0.0,***,101,0.07482,0.0462
statement,will,(5),cfnai_ma3_lag2,CFNAI-MA3,-0.74619,0.22401,0.00086,***,101,0.07482,0.0462
statement,will,(5),vix_pre28,VIX,-0.06534,0.06565,0.31966,,101,0.07482,0.0462
statement,will,(5),post_fw,post-2020-09,0.54692,0.90949,0.54761,,101,0.07482,0.0462
statement,will,(6) excl-2020,const,const,17.36887,1.73597,0.0,***,91,0.08777,0.06704
statement,will,(6) excl-2020,cfnai_ma3_lag2,CFNAI-MA3,-0.14138,1.38029,0.91841,,91,0.08777,0.06704
statement,will,(6) excl-2020,vix_pre28,VIX,-0.18389,0.08625,0.033,**,91,0.08777,0.06704
statement,will,(7) Δ,const,const,-0.0469,0.18045,0.79492,,100,0.04368,0.02397
statement,will,(7) Δ,d_cfnai,ΔCFNAI,-0.27557,0.13108,0.03553,**,100,0.04368,0.02397
statement,will,(7) Δ,d_vix,ΔVIX,-0.0817,0.05469,0.1352,,100,0.04368,0.02397
statement,will,(8) Δ excl-2020,const,const,-0.12272,0.16939,0.46877,,90,0.01589,-0.00674
statement,will,(8) Δ excl-2020,d_cfnai,ΔCFNAI,-0.68836,1.05067,0.51236,,90,0.01589,-0.00674
statement,will,(8) Δ excl-2020,d_vix,ΔVIX,-0.06479,0.05639,0.25061,,90,0.01589,-0.00674
statement,would,(1),const,const,1.4804,0.34323,2e-05,***,101,0.02337,0.01351
statement,would,(1),cfnai_ma3_lag2,CFNAI-MA3,0.22646,0.05699,7e-05,***,101,0.02337,0.01351
statement,would,(2),const,const,0.66244,0.92495,0.47387,,101,0.03184,0.02206
statement,would,(2),vix_pre28,VIX,0.04347,0.04991,0.38377,,101,0.03184,0.02206
statement,would,(3),const,const,0.62181,0.90437,0.49173,,101,0.0602,0.04102
statement,would,(3),cfnai_ma3_lag2,CFNAI-MA3,0.25033,0.05563,1e-05,***,101,0.0602,0.04102
statement,would,(3),vix_pre28,VIX,0.04692,0.04767,0.32503,,101,0.0602,0.04102
statement,would,(4),const,const,1.0093,0.33833,0.00285,***,101,0.62059,0.60478
statement,would,(4),cfnai_ma3_lag2,CFNAI-MA3,0.28094,0.0871,0.00126,***,101,0.62059,0.60478
statement,would,(4),vix_pre28,VIX,-0.00282,0.01413,0.84154,,101,0.62059,0.60478
statement,would,(4),unrate_gap_lag1,Unemp. gap,0.3025,0.09096,0.00088,***,101,0.62059,0.60478
statement,would,(4),corepce_gap_lag2,Core PCE gap,1.0589,0.13284,0.0,***,101,0.62059,0.60478
statement,would,(5),const,const,0.17845,0.11448,0.11905,,101,0.92353,0.92117
statement,would,(5),cfnai_ma3_lag2,CFNAI-MA3,-0.06146,0.03701,0.09677,*,101,0.92353,0.92117
statement,would,(5),vix_pre28,VIX,-0.00942,0.0064,0.1414,,101,0.92353,0.92117
statement,would,(5),post_fw,post-2020-09,3.18089,0.11648,0.0,***,101,0.92353,0.92117
statement,would,(6) excl-2020,const,const,-1.27954,0.62398,0.04031,**,91,0.20846,0.19047
statement,would,(6) excl-2020,cfnai_ma3_lag2,CFNAI-MA3,-0.55068,1.22502,0.65305,,91,0.20846,0.19047
statement,would,(6) excl-2020,vix_pre28,VIX,0.16458,0.0326,0.0,***,91,0.20846,0.19047
statement,would,(7) Δ,const,const,0.03936,0.02907,0.17577,,100,0.13547,0.11765
statement,would,(7) Δ,d_cfnai,ΔCFNAI,0.1514,0.03451,1e-05,***,100,0.13547,0.11765
statement,would,(7) Δ,d_vix,ΔVIX,-0.00682,0.00963,0.47857,,100,0.13547,0.11765
statement,would,(8) Δ excl-2020,const,const,0.02749,0.0292,0.34648,,90,0.04865,0.02678
statement,would,(8) Δ excl-2020,d_cfnai,ΔCFNAI,0.59856,0.45913,0.19234,,90,0.04865,0.02678
statement,would,(8) Δ excl-2020,d_vix,ΔVIX,-0.00279,0.01418,0.84412,,90,0.04865,0.02678
